-- phpMyAdmin SQL Dump
-- version 5.2.1
-- https://www.phpmyadmin.net/
--
-- Host: 127.0.0.1
-- Generation Time: Dec 21, 2024 at 09:07 AM
-- Server version: 10.4.32-MariaDB
-- PHP Version: 8.2.12

SET SQL_MODE = "NO_AUTO_VALUE_ON_ZERO";
START TRANSACTION;
SET time_zone = "+00:00";


/*!40101 SET @OLD_CHARACTER_SET_CLIENT=@@CHARACTER_SET_CLIENT */;
/*!40101 SET @OLD_CHARACTER_SET_RESULTS=@@CHARACTER_SET_RESULTS */;
/*!40101 SET @OLD_COLLATION_CONNECTION=@@COLLATION_CONNECTION */;
/*!40101 SET NAMES utf8mb4 */;

--
-- Database: `bepcuame_db`
--

-- --------------------------------------------------------

--
-- Table structure for table `authorization`
--

CREATE TABLE `authorization` (
  `id` int(11) NOT NULL,
  `name` varchar(20) NOT NULL,
  `description` varchar(255) NOT NULL
) ENGINE=InnoDB DEFAULT CHARSET=utf8 COLLATE=utf8_unicode_ci ROW_FORMAT=DYNAMIC;

--
-- Dumping data for table `authorization`
--

INSERT INTO `authorization` (`id`, `name`, `description`) VALUES
(1, 'Customer', 'Khách hàng có tài khoản'),
(2, 'Admin', 'Quản trị viên'),
(3, 'Personnel', 'Nhân Viên');

-- --------------------------------------------------------

--
-- Table structure for table `banners`
--

CREATE TABLE `banners` (
  `id` int(11) NOT NULL,
  `image` varchar(255) DEFAULT NULL
) ENGINE=InnoDB DEFAULT CHARSET=utf8mb4 COLLATE=utf8mb4_general_ci ROW_FORMAT=DYNAMIC;

--
-- Dumping data for table `banners`
--

INSERT INTO `banners` (`id`, `image`) VALUES
(3, 'public/img/banners/slider_2.jpg'),
(4, 'public/img/banners/slider_1.jpg');

-- --------------------------------------------------------

--
-- Table structure for table `collections`
--

CREATE TABLE `collections` (
  `id` int(11) NOT NULL,
  `name` varchar(255) DEFAULT NULL,
  `image` varchar(255) NOT NULL,
  `status` int(11) NOT NULL,
  `slug` varchar(222) NOT NULL,
  `created_at` date NOT NULL DEFAULT current_timestamp(),
  `description` varchar(255) NOT NULL
) ENGINE=InnoDB DEFAULT CHARSET=utf8mb4 COLLATE=utf8mb4_general_ci ROW_FORMAT=DYNAMIC;

--
-- Dumping data for table `collections`
--

INSERT INTO `collections` (`id`, `name`, `image`, `status`, `slug`, `created_at`, `description`) VALUES
(8, 'Món mặn ăn cơm hàng ngày', './public/img/collection/cac-mon-man.png', 1, 'mon-man-an-com-hang-ngay', '2024-11-06', ''),
(9, 'Cơm văn phòng', '', 1, 'com-van-phong', '2024-11-06', ''),
(10, 'Cá kho bếp của mẹ', './public/img/collection/ca-kho-bep-cua-me.png', 1, 'ca-kho-bep-cua-me', '2024-11-06', ''),
(12, 'Menu Lẩu, Canh tiềm bổ dưỡng', '', 0, 'menu-lau-canh-tiem-bo-duong', '2024-11-06', ''),
(13, 'Nem bếp của mẹ', './public/img/collection/nem-bep-cua-me.png', 0, 'nem-bep-cua-me', '2024-11-06', ''),
(14, 'Kem, chè, xôi, bánh, các loại', './public/img/collection/do-an-vat-ngon-ngon.png', 0, 'kem-che-xoi-banh-cac-loai', '2024-11-06', ''),
(15, 'Gia vị, đồ khô', '', 1, 'gia-vi-do-kho', '2024-11-06', ''),
(16, 'Hoa quả theo mùa', '', 0, 'hoa-qua-theo-mua', '2024-11-06', '');

-- --------------------------------------------------------

--
-- Table structure for table `collection_products`
--

CREATE TABLE `collection_products` (
  `id` int(11) NOT NULL,
  `product_id` int(11) NOT NULL,
  `collection_id` int(11) NOT NULL
) ENGINE=InnoDB DEFAULT CHARSET=utf8mb4 COLLATE=utf8mb4_general_ci;

--
-- Dumping data for table `collection_products`
--

INSERT INTO `collection_products` (`id`, `product_id`, `collection_id`) VALUES
(26, 29, 8),
(28, 28, 8),
(31, 19, 10),
(32, 20, 8),
(38, 21, 8),
(39, 19, 8),
(42, 22, 8),
(43, 23, 8),
(44, 25, 8),
(45, 20, 10),
(46, 21, 10),
(47, 22, 10),
(48, 23, 10),
(49, 30, 13),
(50, 31, 13),
(51, 32, 13),
(52, 33, 13),
(53, 34, 13),
(54, 35, 13),
(55, 36, 9),
(56, 37, 9),
(57, 24, 14),
(58, 39, 14),
(59, 40, 14),
(60, 41, 14),
(61, 42, 14),
(62, 43, 14),
(63, 38, 14),
(64, 45, 14),
(65, 46, 14),
(66, 47, 12),
(67, 48, 12),
(68, 49, 12),
(69, 25, 12),
(70, 50, 12),
(71, 51, 12),
(72, 52, 12),
(73, 53, 12),
(74, 54, 15),
(75, 55, 15),
(76, 56, 15),
(77, 57, 15),
(78, 60, 15),
(79, 63, 15),
(80, 59, 15),
(81, 58, 15),
(82, 61, 15),
(83, 62, 15),
(84, 72, 16),
(85, 73, 16),
(86, 64, 16),
(87, 65, 16),
(88, 66, 16),
(89, 67, 16),
(90, 71, 16),
(91, 69, 16),
(92, 68, 16),
(93, 70, 16),
(94, 74, 10),
(95, 75, 10),
(96, 76, 10);

-- --------------------------------------------------------

--
-- Table structure for table `orders`
--

CREATE TABLE `orders` (
  `id` int(11) NOT NULL,
  `user_id` int(11) NOT NULL,
  `recepient_name` varchar(50) NOT NULL,
  `phone` varchar(20) NOT NULL,
  `address` varchar(100) NOT NULL,
  `pay_method` varchar(20) NOT NULL,
  `total_price` float NOT NULL,
  `date_received` date NOT NULL,
  `time_received` varchar(150) NOT NULL,
  `note` varchar(255) DEFAULT NULL,
  `status` varchar(70) NOT NULL,
  `return_reason` text NOT NULL,
  `created_at` timestamp NOT NULL DEFAULT current_timestamp() ON UPDATE current_timestamp()
) ENGINE=InnoDB DEFAULT CHARSET=utf8 COLLATE=utf8_unicode_ci ROW_FORMAT=DYNAMIC;

--
-- Dumping data for table `orders`
--

INSERT INTO `orders` (`id`, `user_id`, `recepient_name`, `phone`, `address`, `pay_method`, `total_price`, `date_received`, `time_received`, `note`, `status`, `return_reason`, `created_at`) VALUES
(18, 42, 'Lam Tran', '0973534773', '48 Ngõ 13, Khuất Duy Tiến, Phường Thanh Xuân Bắc, Quận Thanh Xuân, Thành phố Hà Nội', 'cash', 985000, '2024-11-10', 'Sáng: 08h00 - 12h00', 'Ghi chú								', 'confirmed', '', '2024-11-29 07:23:45'),
(20, 42, 'Lam Tran', '0973534773', '48 Ngõ 13, Khuất Duy Tiến, Phường Mễ Trì, Quận Nam Từ Liêm, Thành phố Hà Nội', 'cash', 1000000, '2025-03-20', 'Chiều: 14h00 - 18h00', 'Không có ghi chú', 'processing', '', '2024-11-29 08:16:10'),
(21, 42, 'Tuấn Linh', '0982343233', 'Ngõ 182, đường Hoàng Văn Thụ, Xã Nguyên Khê, Huyện Đông Anh, Thành phố Hà Nội', 'cash', 195000, '2024-11-27', 'Sáng: 08h00 - 12h00', '								', 'shipped', '', '2024-11-29 05:34:45'),
(22, 42, 'Viết Duy', '09735323433', '48 Alley 13, Khuat Duy Tien Street, undefined', 'cash', 1130000, '2024-11-26', 'Càng sớm càng tốt', '								', 'completed', '', '2024-11-22 04:44:15'),
(23, 42, 'Trần Xuân Lâm', '0973534773', 'Ngõ 182, đường Hoàng Văn Thụ, Xã Hà Tam, Huyện Đăk Pơ, Tỉnh Gia Lai', 'cash', 620000, '2024-10-20', 'Sáng: 08h00 - 12h00', '								', 'completed', '', '2024-11-21 07:26:09'),
(24, 42, 'Trần Xuân Lâm', '0973534773', 'Ngõ 182, đường Hoàng Văn Thụ, Xã Bình Trung, Huyện Châu Đức, Tỉnh Bà Rịa - Vũng Tàu', 'cash', 2040000, '2024-07-14', 'Sáng: 08h00 - 12h00', '								', 'completed', '', '2024-11-21 09:05:23'),
(25, 42, 'Trần Xuân Lâm', '0973534773', 'Ngõ 182, đường Hoàng Văn Thụ, Xã Thanh Đức, Huyện Vị Xuyên, Tỉnh Hà Giang', 'cash', 1280000, '2024-09-16', 'Sáng: 08h00 - 12h00', '								', 'returned', '', '2024-11-29 08:16:57'),
(27, 42, 'Trần Xuân Lâm', '0973534773', 'Ngõ 182, đường Hoàng Văn Thụ, Xã Thắng Mố, Huyện Yên Minh, Tỉnh Hà Giang', 'cash', 875000, '2025-07-23', 'Sáng: 08h00 - 12h00', '								', 'confirmed', '', '2024-11-22 09:52:29');

-- --------------------------------------------------------

--
-- Table structure for table `order_details`
--

CREATE TABLE `order_details` (
  `id` int(11) NOT NULL,
  `product_id` int(11) NOT NULL,
  `order_id` int(30) NOT NULL,
  `quantity` int(11) NOT NULL,
  `price` float NOT NULL
) ENGINE=InnoDB DEFAULT CHARSET=utf8 COLLATE=utf8_unicode_ci ROW_FORMAT=DYNAMIC;

--
-- Dumping data for table `order_details`
--

INSERT INTO `order_details` (`id`, `product_id`, `order_id`, `quantity`, `price`) VALUES
(16, 20, 18, 1, 195000),
(17, 19, 18, 1, 175000),
(20, 20, 20, 3, 195000),
(21, 53, 20, 1, 150000),
(22, 52, 20, 1, 235000),
(23, 74, 21, 1, 165000),
(24, 19, 22, 1, 175000),
(25, 21, 22, 1, 335000),
(26, 26, 22, 2, 295000),
(27, 22, 23, 1, 395000),
(28, 20, 23, 1, 195000),
(29, 21, 24, 1, 335000),
(30, 23, 25, 1, 185000),
(31, 21, 25, 1, 335000),
(32, 19, 25, 1, 175000),
(36, 74, 27, 1, 165000),
(37, 23, 27, 1, 185000);

-- --------------------------------------------------------

--
-- Table structure for table `products`
--

CREATE TABLE `products` (
  `id` int(11) NOT NULL,
  `name` varchar(70) NOT NULL,
  `slug` varchar(100) NOT NULL,
  `price` int(11) NOT NULL,
  `stock` int(10) UNSIGNED NOT NULL DEFAULT 1,
  `image1` varchar(200) NOT NULL,
  `image2` varchar(255) DEFAULT NULL,
  `image3` varchar(255) DEFAULT '""',
  `image4` varchar(255) NOT NULL,
  `promotion_id` int(11) NOT NULL,
  `description` text NOT NULL,
  `created_at` datetime DEFAULT current_timestamp()
) ENGINE=InnoDB DEFAULT CHARSET=utf8 COLLATE=utf8_unicode_ci ROW_FORMAT=DYNAMIC;

--
-- Dumping data for table `products`
--

INSERT INTO `products` (`id`, `name`, `slug`, `price`, `stock`, `image1`, `image2`, `image3`, `image4`, `promotion_id`, `description`, `created_at`) VALUES
(19, 'Cá ba sa kho tộ', 'ca-ba-sa-kho-to', 175000, 40, './public/img/products/ca-ba-sa-kho-to.jpg', '', '', '', 1, '<p style=\"--tw-border-spacing-x: 0; --tw-border-spacing-y: 0; --tw-translate-x: 0; --tw-translate-y: 0; --tw-rotate: 0; --tw-skew-x: 0; --tw-skew-y: 0; --tw-scale-x: 1; --tw-scale-y: 1; --tw-pan-x: ; --tw-pan-y: ; --tw-pinch-zoom: ; --tw-scroll-snap-strictness: proximity; --tw-ordinal: ; --tw-slashed-zero: ; --tw-numeric-figure: ; --tw-numeric-spacing: ; --tw-numeric-fraction: ; --tw-ring-inset: ; --tw-ring-offset-width: 0px; --tw-ring-offset-color: #fff; --tw-ring-color: rgb(59 130 246 / .5); --tw-ring-offset-shadow: 0 0 #0000; --tw-ring-shadow: 0 0 #0000; --tw-shadow: 0 0 #0000; --tw-shadow-colored: 0 0 #0000; --tw-blur: ; --tw-brightness: ; --tw-contrast: ; --tw-grayscale: ; --tw-hue-rotate: ; --tw-invert: ; --tw-saturate: ; --tw-sepia: ; --tw-drop-shadow: ; --tw-backdrop-blur: ; --tw-backdrop-brightness: ; --tw-backdrop-contrast: ; --tw-backdrop-grayscale: ; --tw-backdrop-hue-rotate: ; --tw-backdrop-invert: ; --tw-backdrop-opacity: ; --tw-backdrop-saturate: ; --tw-backdrop-sepia: ; color: rgb(58, 68, 94); font-family: Roboto, sans-serif;\">Không phải ai cũng có thể kho được nồi cá thơm phức, thịt cá săn chắc, không còn vị tanh mà độ mềm vừa tới, nước cá đậm đà, sền sệt. Cả một quá trình học hỏi và rút kinh nghiệm từ <b>Bếp </b>!</p><p style=\"--tw-border-spacing-x: 0; --tw-border-spacing-y: 0; --tw-translate-x: 0; --tw-translate-y: 0; --tw-rotate: 0; --tw-skew-x: 0; --tw-skew-y: 0; --tw-scale-x: 1; --tw-scale-y: 1; --tw-pan-x: ; --tw-pan-y: ; --tw-pinch-zoom: ; --tw-scroll-snap-strictness: proximity; --tw-ordinal: ; --tw-slashed-zero: ; --tw-numeric-figure: ; --tw-numeric-spacing: ; --tw-numeric-fraction: ; --tw-ring-inset: ; --tw-ring-offset-width: 0px; --tw-ring-offset-color: #fff; --tw-ring-color: rgb(59 130 246 / .5); --tw-ring-offset-shadow: 0 0 #0000; --tw-ring-shadow: 0 0 #0000; --tw-shadow: 0 0 #0000; --tw-shadow-colored: 0 0 #0000; --tw-blur: ; --tw-brightness: ; --tw-contrast: ; --tw-grayscale: ; --tw-hue-rotate: ; --tw-invert: ; --tw-saturate: ; --tw-sepia: ; --tw-drop-shadow: ; --tw-backdrop-blur: ; --tw-backdrop-brightness: ; --tw-backdrop-contrast: ; --tw-backdrop-grayscale: ; --tw-backdrop-hue-rotate: ; --tw-backdrop-invert: ; --tw-backdrop-opacity: ; --tw-backdrop-saturate: ; --tw-backdrop-sepia: ; color: rgb(58, 68, 94); font-family: Roboto, sans-serif;\">Đó là món ăn không dành cho những người vội vã, để làm ra một mẻ cá kho ưng ý, hương vị đặc trưng quen thuộc là cả một quá trình tận tình, khéo léo, cẩn thận từ khâu chọn nguyên liệu, chọn cá trọng lượng tầm nào là ngon nhất, tùy từng loại cá sẽ có sự kết hợp về hương vị khác nhau, cách nêm nếm gia vị cũng khác nhau, cho đến khâu chế biến, đóng hộp và bảo quản sao cho thật tỉ mỉ, cẩn thận và đảm bảo vệ sinh.</p><p style=\"--tw-border-spacing-x: 0; --tw-border-spacing-y: 0; --tw-translate-x: 0; --tw-translate-y: 0; --tw-rotate: 0; --tw-skew-x: 0; --tw-skew-y: 0; --tw-scale-x: 1; --tw-scale-y: 1; --tw-pan-x: ; --tw-pan-y: ; --tw-pinch-zoom: ; --tw-scroll-snap-strictness: proximity; --tw-ordinal: ; --tw-slashed-zero: ; --tw-numeric-figure: ; --tw-numeric-spacing: ; --tw-numeric-fraction: ; --tw-ring-inset: ; --tw-ring-offset-width: 0px; --tw-ring-offset-color: #fff; --tw-ring-color: rgb(59 130 246 / .5); --tw-ring-offset-shadow: 0 0 #0000; --tw-ring-shadow: 0 0 #0000; --tw-shadow: 0 0 #0000; --tw-shadow-colored: 0 0 #0000; --tw-blur: ; --tw-brightness: ; --tw-contrast: ; --tw-grayscale: ; --tw-hue-rotate: ; --tw-invert: ; --tw-saturate: ; --tw-sepia: ; --tw-drop-shadow: ; --tw-backdrop-blur: ; --tw-backdrop-brightness: ; --tw-backdrop-contrast: ; --tw-backdrop-grayscale: ; --tw-backdrop-hue-rotate: ; --tw-backdrop-invert: ; --tw-backdrop-opacity: ; --tw-backdrop-saturate: ; --tw-backdrop-sepia: ; color: rgb(58, 68, 94); font-family: Roboto, sans-serif;\">Không phải mất cả ngày nấu nướng, giờ đây chỉ một cuộc gọi, món cá kho chuẩn vị mẹ nấu đã có thể được bày biện trên mâm cơm nhà rồi&nbsp;</p><p style=\"--tw-border-spacing-x: 0; --tw-border-spacing-y: 0; --tw-translate-x: 0; --tw-translate-y: 0; --tw-rotate: 0; --tw-skew-x: 0; --tw-skew-y: 0; --tw-scale-x: 1; --tw-scale-y: 1; --tw-pan-x: ; --tw-pan-y: ; --tw-pinch-zoom: ; --tw-scroll-snap-strictness: proximity; --tw-ordinal: ; --tw-slashed-zero: ; --tw-numeric-figure: ; --tw-numeric-spacing: ; --tw-numeric-fraction: ; --tw-ring-inset: ; --tw-ring-offset-width: 0px; --tw-ring-offset-color: #fff; --tw-ring-color: rgb(59 130 246 / .5); --tw-ring-offset-shadow: 0 0 #0000; --tw-ring-shadow: 0 0 #0000; --tw-shadow: 0 0 #0000; --tw-shadow-colored: 0 0 #0000; --tw-blur: ; --tw-brightness: ; --tw-contrast: ; --tw-grayscale: ; --tw-hue-rotate: ; --tw-invert: ; --tw-saturate: ; --tw-sepia: ; --tw-drop-shadow: ; --tw-backdrop-blur: ; --tw-backdrop-brightness: ; --tw-backdrop-contrast: ; --tw-backdrop-grayscale: ; --tw-backdrop-hue-rotate: ; --tw-backdrop-invert: ; --tw-backdrop-opacity: ; --tw-backdrop-saturate: ; --tw-backdrop-sepia: ; color: rgb(58, 68, 94); font-family: Roboto, sans-serif;\"><b>Đặt hàng ngay thôi !!!</b></p>', NULL),
(20, 'Cá bống kho tương + thịt ba rọi - hộp 600-700g', 'ca-bong-kho-tuong-thit-ba-roi-hop-600700g', 195000, 40, './public/img/products/ca-bong-kho-tuong.jpeg', '', '', '', 1, '<p style=\"--tw-border-spacing-x: 0; --tw-border-spacing-y: 0; --tw-translate-x: 0; --tw-translate-y: 0; --tw-rotate: 0; --tw-skew-x: 0; --tw-skew-y: 0; --tw-scale-x: 1; --tw-scale-y: 1; --tw-pan-x: ; --tw-pan-y: ; --tw-pinch-zoom: ; --tw-scroll-snap-strictness: proximity; --tw-ordinal: ; --tw-slashed-zero: ; --tw-numeric-figure: ; --tw-numeric-spacing: ; --tw-numeric-fraction: ; --tw-ring-inset: ; --tw-ring-offset-width: 0px; --tw-ring-offset-color: #fff; --tw-ring-color: rgb(59 130 246 / .5); --tw-ring-offset-shadow: 0 0 #0000; --tw-ring-shadow: 0 0 #0000; --tw-shadow: 0 0 #0000; --tw-shadow-colored: 0 0 #0000; --tw-blur: ; --tw-brightness: ; --tw-contrast: ; --tw-grayscale: ; --tw-hue-rotate: ; --tw-invert: ; --tw-saturate: ; --tw-sepia: ; --tw-drop-shadow: ; --tw-backdrop-blur: ; --tw-backdrop-brightness: ; --tw-backdrop-contrast: ; --tw-backdrop-grayscale: ; --tw-backdrop-hue-rotate: ; --tw-backdrop-invert: ; --tw-backdrop-opacity: ; --tw-backdrop-saturate: ; --tw-backdrop-sepia: ; color: rgb(58, 68, 94); font-family: Roboto, sans-serif;\">Cá bống tươi ngon được kho trong nước tương thơm lừng, kết hợp với gia vị đặc trưng như hành, tỏi, ớt và chút đường. Món ăn mang đến hương vị mặn mà, ngọt thanh và cay nhẹ, thấm đượm vào từng miếng cá, tạo nên sự hòa quyện tuyệt vời.</p><p style=\"--tw-border-spacing-x: 0; --tw-border-spacing-y: 0; --tw-translate-x: 0; --tw-translate-y: 0; --tw-rotate: 0; --tw-skew-x: 0; --tw-skew-y: 0; --tw-scale-x: 1; --tw-scale-y: 1; --tw-pan-x: ; --tw-pan-y: ; --tw-pinch-zoom: ; --tw-scroll-snap-strictness: proximity; --tw-ordinal: ; --tw-slashed-zero: ; --tw-numeric-figure: ; --tw-numeric-spacing: ; --tw-numeric-fraction: ; --tw-ring-inset: ; --tw-ring-offset-width: 0px; --tw-ring-offset-color: #fff; --tw-ring-color: rgb(59 130 246 / .5); --tw-ring-offset-shadow: 0 0 #0000; --tw-ring-shadow: 0 0 #0000; --tw-shadow: 0 0 #0000; --tw-shadow-colored: 0 0 #0000; --tw-blur: ; --tw-brightness: ; --tw-contrast: ; --tw-grayscale: ; --tw-hue-rotate: ; --tw-invert: ; --tw-saturate: ; --tw-sepia: ; --tw-drop-shadow: ; --tw-backdrop-blur: ; --tw-backdrop-brightness: ; --tw-backdrop-contrast: ; --tw-backdrop-grayscale: ; --tw-backdrop-hue-rotate: ; --tw-backdrop-invert: ; --tw-backdrop-opacity: ; --tw-backdrop-saturate: ; --tw-backdrop-sepia: ; color: rgb(58, 68, 94); font-family: Roboto, sans-serif;\">Cá bống kho tương không chỉ là món ăn kèm lý tưởng cho bữa cơm gia đình mà còn làm phong phú thêm thực đơn của bạn với hương vị đậm chất truyền thống.</p>', NULL),
(21, 'Cá trắm đen kho dưa (đặc biệt)', 'ca-tram-den-kho-dua-dac-biet', 335000, 40, './public/img/products/ca-tram-den-kho.jpeg', '', '', '', 1, '<p><span style=\"color: rgb(58, 68, 94); font-family: Roboto, sans-serif;\">Cá chắc thơm ngon được chọn từ những con cá trắm từ 4kg trở lên. Dưa chua thấm đẫm nước kho, đậm đà, chua chua, béo béo còn gây nghiện hơn cá. Thịt ba chỉ mềm rục béo béo gây nghiện. Lại thêm nước cá sền sệt và bì kho nhừ.</span></p>', NULL),
(22, 'Cá trắm đen kho hoa sen', 'ca-tram-den-kho-hoa-sen', 395000, 30, './public/img/products/cam-tram-den-kho.jpeg', '', '', '', 1, '', NULL),
(23, 'Cá quả kho nghệ', 'ca-qua-kho-nghe', 185000, 50, './public/img/products/ca-qua-kho-nghe-1.jpg', './public/img/products/ca-qua-kho-nghe-2.jpg', './public/img/products/ca-qua-kho-nghe-3.jpg', '', 1, '<p style=\"--tw-border-spacing-x: 0; --tw-border-spacing-y: 0; --tw-translate-x: 0; --tw-translate-y: 0; --tw-rotate: 0; --tw-skew-x: 0; --tw-skew-y: 0; --tw-scale-x: 1; --tw-scale-y: 1; --tw-pan-x: ; --tw-pan-y: ; --tw-pinch-zoom: ; --tw-scroll-snap-strictness: proximity; --tw-ordinal: ; --tw-slashed-zero: ; --tw-numeric-figure: ; --tw-numeric-spacing: ; --tw-numeric-fraction: ; --tw-ring-inset: ; --tw-ring-offset-width: 0px; --tw-ring-offset-color: #fff; --tw-ring-color: rgb(59 130 246 / .5); --tw-ring-offset-shadow: 0 0 #0000; --tw-ring-shadow: 0 0 #0000; --tw-shadow: 0 0 #0000; --tw-shadow-colored: 0 0 #0000; --tw-blur: ; --tw-brightness: ; --tw-contrast: ; --tw-grayscale: ; --tw-hue-rotate: ; --tw-invert: ; --tw-saturate: ; --tw-sepia: ; --tw-drop-shadow: ; --tw-backdrop-blur: ; --tw-backdrop-brightness: ; --tw-backdrop-contrast: ; --tw-backdrop-grayscale: ; --tw-backdrop-hue-rotate: ; --tw-backdrop-invert: ; --tw-backdrop-opacity: ; --tw-backdrop-saturate: ; --tw-backdrop-sepia: ; color: rgb(58, 68, 94); font-family: Roboto, sans-serif;\">Cá quả được ướp với nghệ, tỏi, ớt và các gia vị đặc trưng, sau đó chiên giòn tạo nên lớp vỏ ngoài giòn tan, bên trong thịt cá vẫn mềm mịn, đậm đà.</p><p style=\"--tw-border-spacing-x: 0; --tw-border-spacing-y: 0; --tw-translate-x: 0; --tw-translate-y: 0; --tw-rotate: 0; --tw-skew-x: 0; --tw-skew-y: 0; --tw-scale-x: 1; --tw-scale-y: 1; --tw-pan-x: ; --tw-pan-y: ; --tw-pinch-zoom: ; --tw-scroll-snap-strictness: proximity; --tw-ordinal: ; --tw-slashed-zero: ; --tw-numeric-figure: ; --tw-numeric-spacing: ; --tw-numeric-fraction: ; --tw-ring-inset: ; --tw-ring-offset-width: 0px; --tw-ring-offset-color: #fff; --tw-ring-color: rgb(59 130 246 / .5); --tw-ring-offset-shadow: 0 0 #0000; --tw-ring-shadow: 0 0 #0000; --tw-shadow: 0 0 #0000; --tw-shadow-colored: 0 0 #0000; --tw-blur: ; --tw-brightness: ; --tw-contrast: ; --tw-grayscale: ; --tw-hue-rotate: ; --tw-invert: ; --tw-saturate: ; --tw-sepia: ; --tw-drop-shadow: ; --tw-backdrop-blur: ; --tw-backdrop-brightness: ; --tw-backdrop-contrast: ; --tw-backdrop-grayscale: ; --tw-backdrop-hue-rotate: ; --tw-backdrop-invert: ; --tw-backdrop-opacity: ; --tw-backdrop-saturate: ; --tw-backdrop-sepia: ; color: rgb(58, 68, 94); font-family: Roboto, sans-serif;\">Món cá quả kho nghệ không chỉ mang đến hương vị đậm đà, thơm ngon mà còn bổ dưỡng với tác dụng tốt cho sức khỏe từ nghệ</p>', NULL),
(24, 'Bánh crepe sầu', 'banh-crepe-sau', 155000, 100, './public/img/products/banh-crepe-sau-1.png', './public/img/products/banh-crepe-sau.png', './public/img/products/banh-crepe-sau-3.png', '', 1, '<p><span style=\"--tw-border-spacing-x: 0; --tw-border-spacing-y: 0; --tw-translate-x: 0; --tw-translate-y: 0; --tw-rotate: 0; --tw-skew-x: 0; --tw-skew-y: 0; --tw-scale-x: 1; --tw-scale-y: 1; --tw-pan-x: ; --tw-pan-y: ; --tw-pinch-zoom: ; --tw-scroll-snap-strictness: proximity; --tw-ordinal: ; --tw-slashed-zero: ; --tw-numeric-figure: ; --tw-numeric-spacing: ; --tw-numeric-fraction: ; --tw-ring-inset: ; --tw-ring-offset-width: 0px; --tw-ring-offset-color: #fff; --tw-ring-color: rgb(59 130 246 / .5); --tw-ring-offset-shadow: 0 0 #0000; --tw-ring-shadow: 0 0 #0000; --tw-shadow: 0 0 #0000; --tw-shadow-colored: 0 0 #0000; --tw-blur: ; --tw-brightness: ; --tw-contrast: ; --tw-grayscale: ; --tw-hue-rotate: ; --tw-invert: ; --tw-saturate: ; --tw-sepia: ; --tw-drop-shadow: ; --tw-backdrop-blur: ; --tw-backdrop-brightness: ; --tw-backdrop-contrast: ; --tw-backdrop-grayscale: ; --tw-backdrop-hue-rotate: ; --tw-backdrop-invert: ; --tw-backdrop-opacity: ; --tw-backdrop-saturate: ; --tw-backdrop-sepia: ; color: rgb(58, 68, 94); font-family: Roboto, sans-serif;\">Vỏ bánh mềm dai quyện vị kem tươi mê mẩn và sầu thơm lừng,ngọt đậm...ahuhu chỉ nhắc thôi ad đã thèm ghê gớm,không hổ danh bánh thần thánh với bao nhiêu feefback \"Bánh crepe sầu của Bếp ngon nhất trong các bánh mình từng ăn\", \"Bánh ngon từ vỏ đến ruột\" \"Ui Bếp ơi nghiện bánh của Bếp mất rồi\"&nbsp;</span><img alt=\"❤\" class=\"_1ift _2560 img\" src=\"https://static.xx.fbcdn.net/images/emoji.php/v9/t6c/1/16/2764.png\" style=\"--tw-border-spacing-x: 0; --tw-border-spacing-y: 0; --tw-translate-x: 0; --tw-translate-y: 0; --tw-rotate: 0; --tw-skew-x: 0; --tw-skew-y: 0; --tw-scale-x: 1; --tw-scale-y: 1; --tw-pan-x: ; --tw-pan-y: ; --tw-pinch-zoom: ; --tw-scroll-snap-strictness: proximity; --tw-ordinal: ; --tw-slashed-zero: ; --tw-numeric-figure: ; --tw-numeric-spacing: ; --tw-numeric-fraction: ; --tw-ring-inset: ; --tw-ring-offset-width: 0px; --tw-ring-offset-color: #fff; --tw-ring-color: rgb(59 130 246 / .5); --tw-ring-offset-shadow: 0 0 #0000; --tw-ring-shadow: 0 0 #0000; --tw-shadow: 0 0 #0000; --tw-shadow-colored: 0 0 #0000; --tw-blur: ; --tw-brightness: ; --tw-contrast: ; --tw-grayscale: ; --tw-hue-rotate: ; --tw-invert: ; --tw-saturate: ; --tw-sepia: ; --tw-drop-shadow: ; --tw-backdrop-blur: ; --tw-backdrop-brightness: ; --tw-backdrop-contrast: ; --tw-backdrop-grayscale: ; --tw-backdrop-hue-rotate: ; --tw-backdrop-invert: ; --tw-backdrop-opacity: ; --tw-backdrop-saturate: ; --tw-backdrop-sepia: ; max-width: 100%; color: rgb(58, 68, 94); font-family: Roboto, sans-serif; height: auto !important;\"><span style=\"--tw-border-spacing-x: 0; --tw-border-spacing-y: 0; --tw-translate-x: 0; --tw-translate-y: 0; --tw-rotate: 0; --tw-skew-x: 0; --tw-skew-y: 0; --tw-scale-x: 1; --tw-scale-y: 1; --tw-pan-x: ; --tw-pan-y: ; --tw-pinch-zoom: ; --tw-scroll-snap-strictness: proximity; --tw-ordinal: ; --tw-slashed-zero: ; --tw-numeric-figure: ; --tw-numeric-spacing: ; --tw-numeric-fraction: ; --tw-ring-inset: ; --tw-ring-offset-width: 0px; --tw-ring-offset-color: #fff; --tw-ring-color: rgb(59 130 246 / .5); --tw-ring-offset-shadow: 0 0 #0000; --tw-ring-shadow: 0 0 #0000; --tw-shadow: 0 0 #0000; --tw-shadow-colored: 0 0 #0000; --tw-blur: ; --tw-brightness: ; --tw-contrast: ; --tw-grayscale: ; --tw-hue-rotate: ; --tw-invert: ; --tw-saturate: ; --tw-sepia: ; --tw-drop-shadow: ; --tw-backdrop-blur: ; --tw-backdrop-brightness: ; --tw-backdrop-contrast: ; --tw-backdrop-grayscale: ; --tw-backdrop-hue-rotate: ; --tw-backdrop-invert: ; --tw-backdrop-opacity: ; --tw-backdrop-saturate: ; --tw-backdrop-sepia: ; color: rgb(58, 68, 94); font-family: Roboto, sans-serif;\">. Trải nghiệm để tự mình kiểm chứng lý do nha khách yêu&nbsp;</span><img alt=\"❤\" class=\"_1ift _2560 img\" src=\"https://static.xx.fbcdn.net/images/emoji.php/v9/t6c/1/16/2764.png\" style=\"--tw-border-spacing-x: 0; --tw-border-spacing-y: 0; --tw-translate-x: 0; --tw-translate-y: 0; --tw-rotate: 0; --tw-skew-x: 0; --tw-skew-y: 0; --tw-scale-x: 1; --tw-scale-y: 1; --tw-pan-x: ; --tw-pan-y: ; --tw-pinch-zoom: ; --tw-scroll-snap-strictness: proximity; --tw-ordinal: ; --tw-slashed-zero: ; --tw-numeric-figure: ; --tw-numeric-spacing: ; --tw-numeric-fraction: ; --tw-ring-inset: ; --tw-ring-offset-width: 0px; --tw-ring-offset-color: #fff; --tw-ring-color: rgb(59 130 246 / .5); --tw-ring-offset-shadow: 0 0 #0000; --tw-ring-shadow: 0 0 #0000; --tw-shadow: 0 0 #0000; --tw-shadow-colored: 0 0 #0000; --tw-blur: ; --tw-brightness: ; --tw-contrast: ; --tw-grayscale: ; --tw-hue-rotate: ; --tw-invert: ; --tw-saturate: ; --tw-sepia: ; --tw-drop-shadow: ; --tw-backdrop-blur: ; --tw-backdrop-brightness: ; --tw-backdrop-contrast: ; --tw-backdrop-grayscale: ; --tw-backdrop-hue-rotate: ; --tw-backdrop-invert: ; --tw-backdrop-opacity: ; --tw-backdrop-saturate: ; --tw-backdrop-sepia: ; max-width: 100%; color: rgb(58, 68, 94); font-family: Roboto, sans-serif; height: auto !important;\"></p>', NULL),
(25, 'Bắp giò hầm sốt phô mai - cái 1,3-1,4kg', 'bap-gio-ham-sot-pho-mai-cai-1314kg', 335000, 10, './public/img/products/bap-gio-ham-sot-pho-mai.png', '', '', '', 1, '<p style=\"--tw-border-spacing-x: 0; --tw-border-spacing-y: 0; --tw-translate-x: 0; --tw-translate-y: 0; --tw-rotate: 0; --tw-skew-x: 0; --tw-skew-y: 0; --tw-scale-x: 1; --tw-scale-y: 1; --tw-pan-x: ; --tw-pan-y: ; --tw-pinch-zoom: ; --tw-scroll-snap-strictness: proximity; --tw-ordinal: ; --tw-slashed-zero: ; --tw-numeric-figure: ; --tw-numeric-spacing: ; --tw-numeric-fraction: ; --tw-ring-inset: ; --tw-ring-offset-width: 0px; --tw-ring-offset-color: #fff; --tw-ring-color: rgb(59 130 246 / .5); --tw-ring-offset-shadow: 0 0 #0000; --tw-ring-shadow: 0 0 #0000; --tw-shadow: 0 0 #0000; --tw-shadow-colored: 0 0 #0000; --tw-blur: ; --tw-brightness: ; --tw-contrast: ; --tw-grayscale: ; --tw-hue-rotate: ; --tw-invert: ; --tw-saturate: ; --tw-sepia: ; --tw-drop-shadow: ; --tw-backdrop-blur: ; --tw-backdrop-brightness: ; --tw-backdrop-contrast: ; --tw-backdrop-grayscale: ; --tw-backdrop-hue-rotate: ; --tw-backdrop-invert: ; --tw-backdrop-opacity: ; --tw-backdrop-saturate: ; --tw-backdrop-sepia: ; color: rgb(58, 68, 94); font-family: Roboto, sans-serif; text-align: justify;\">- Thịt bò mềm thơm: Thịt bò được hầm nhừ, mềm mại, thấm gia vị đậm đà, mang đến hương vị thơm ngon khó cưỡng.</p><p style=\"--tw-border-spacing-x: 0; --tw-border-spacing-y: 0; --tw-translate-x: 0; --tw-translate-y: 0; --tw-rotate: 0; --tw-skew-x: 0; --tw-skew-y: 0; --tw-scale-x: 1; --tw-scale-y: 1; --tw-pan-x: ; --tw-pan-y: ; --tw-pinch-zoom: ; --tw-scroll-snap-strictness: proximity; --tw-ordinal: ; --tw-slashed-zero: ; --tw-numeric-figure: ; --tw-numeric-spacing: ; --tw-numeric-fraction: ; --tw-ring-inset: ; --tw-ring-offset-width: 0px; --tw-ring-offset-color: #fff; --tw-ring-color: rgb(59 130 246 / .5); --tw-ring-offset-shadow: 0 0 #0000; --tw-ring-shadow: 0 0 #0000; --tw-shadow: 0 0 #0000; --tw-shadow-colored: 0 0 #0000; --tw-blur: ; --tw-brightness: ; --tw-contrast: ; --tw-grayscale: ; --tw-hue-rotate: ; --tw-invert: ; --tw-saturate: ; --tw-sepia: ; --tw-drop-shadow: ; --tw-backdrop-blur: ; --tw-backdrop-brightness: ; --tw-backdrop-contrast: ; --tw-backdrop-grayscale: ; --tw-backdrop-hue-rotate: ; --tw-backdrop-invert: ; --tw-backdrop-opacity: ; --tw-backdrop-saturate: ; --tw-backdrop-sepia: ; color: rgb(58, 68, 94); font-family: Roboto, sans-serif; text-align: justify;\">- Sốt phô mai béo ngậy: Sốt phô mai được làm từ phô mai cao cấp, hòa quyện cùng whipping cream, tạo nên vị béo ngậy, thơm lừng, quyện cùng thịt bò</p>', NULL),
(26, 'Gà ri ủ muối hấp hoa tiêu - (con 1,1 - 1,2kg)', 'ga-ri-u-muoi-hap-hoa-tieu-con-11-12kg', 295000, 15, './public/img/products/ga-ri-u-muoi.png', '', '', '', 1, '<p><span style=\"color: rgb(58, 68, 94); font-family: Roboto, sans-serif;\">Gà luộc, gà rán, gà quay ăn mãi cũng chán, tiệc tùng liên hoan công ty, tụ họp gia đình ngày lễ&nbsp;làm sao mà thiếu được món gà gây nghiện thuộc hàng Best seller ở Bếp của Mẹ này ạ.&nbsp;Gà được tuyển chọn và chế biến 100% từ GÀ TƯƠI. Thịt gà giữ nguyên hương vị tươi ngon, ngọt dai vốn có. Da gà bóng, vàng, giòn sần sật.</span></p>', NULL),
(27, 'Chân giò hun khói', 'chan-gio-hun-khoi', 265000, 30, './public/img/products/chan-gio-hun-khoi.jpg', '', '', '', 1, '<p><span style=\"color: rgb(58, 68, 94); font-family: Roboto, sans-serif;\">Chân Giò Hun Khói với lớp da giòn tan, thịt bên trong mềm ngọt và hương vị hun khói đặc trưng. Món ăn này không chỉ thơm ngon mà còn mang đến trải nghiệm ẩm thực đầy hấp dẫn, phù hợp cho bữa ăn gia đình hay những buổi tiệc tùng cùng bạn bè. Chân giò heo được rút xương, tẩm ướp gia vị khéo léo, hấp và xông khói, vẫn giữ được hương vị thơm ngon, vị ngọt trong từng thớ thịt làm món ăn cơm hay ăn nhậu cũng đều phù hợp hết ạ&nbsp;</span><img alt=\"❤\" width=\"16\" height=\"16\" src=\"https://lh4.googleusercontent.com/JrYd2fVMDA-Y7oT6CniFTwZqgGdHiRaXh7MxJaDVhpy1KBJNZ3hRSqm_10QSsmv-g3G1Hf_XyQfBJIKVnJyfkxNVgxnJFOAG0F1ltUp912sgcwPpSX4ZJIGG8tpALb1rkeQ3MzGS\" style=\"--tw-border-spacing-x: 0; --tw-border-spacing-y: 0; --tw-translate-x: 0; --tw-translate-y: 0; --tw-rotate: 0; --tw-skew-x: 0; --tw-skew-y: 0; --tw-scale-x: 1; --tw-scale-y: 1; --tw-pan-x: ; --tw-pan-y: ; --tw-pinch-zoom: ; --tw-scroll-snap-strictness: proximity; --tw-ordinal: ; --tw-slashed-zero: ; --tw-numeric-figure: ; --tw-numeric-spacing: ; --tw-numeric-fraction: ; --tw-ring-inset: ; --tw-ring-offset-width: 0px; --tw-ring-offset-color: #fff; --tw-ring-color: rgb(59 130 246 / .5); --tw-ring-offset-shadow: 0 0 #0000; --tw-ring-shadow: 0 0 #0000; --tw-shadow: 0 0 #0000; --tw-shadow-colored: 0 0 #0000; --tw-blur: ; --tw-brightness: ; --tw-contrast: ; --tw-grayscale: ; --tw-hue-rotate: ; --tw-invert: ; --tw-saturate: ; --tw-sepia: ; --tw-drop-shadow: ; --tw-backdrop-blur: ; --tw-backdrop-brightness: ; --tw-backdrop-contrast: ; --tw-backdrop-grayscale: ; --tw-backdrop-hue-rotate: ; --tw-backdrop-invert: ; --tw-backdrop-opacity: ; --tw-backdrop-saturate: ; --tw-backdrop-sepia: ; max-width: 100%; color: rgb(58, 68, 94); font-family: Roboto, sans-serif; height: auto !important;\"></p>', NULL),
(28, 'Khâu nhục Lạng Sơn', 'khau-nhuc-lang-son', 195000, 100, './public/img/products/khau-nhuc-lang-son.jpg', './public/img/products/khau-nhuc-lang-son-2.png', './public/img/products/khau-nhuc-lang-son-3.png', './public/img/products/khau-nhuc-lang-son-4.png', 1, '<p style=\"--tw-border-spacing-x: 0; --tw-border-spacing-y: 0; --tw-translate-x: 0; --tw-translate-y: 0; --tw-rotate: 0; --tw-skew-x: 0; --tw-skew-y: 0; --tw-scale-x: 1; --tw-scale-y: 1; --tw-pan-x: ; --tw-pan-y: ; --tw-pinch-zoom: ; --tw-scroll-snap-strictness: proximity; --tw-ordinal: ; --tw-slashed-zero: ; --tw-numeric-figure: ; --tw-numeric-spacing: ; --tw-numeric-fraction: ; --tw-ring-inset: ; --tw-ring-offset-width: 0px; --tw-ring-offset-color: #fff; --tw-ring-color: rgb(59 130 246 / .5); --tw-ring-offset-shadow: 0 0 #0000; --tw-ring-shadow: 0 0 #0000; --tw-shadow: 0 0 #0000; --tw-shadow-colored: 0 0 #0000; --tw-blur: ; --tw-brightness: ; --tw-contrast: ; --tw-grayscale: ; --tw-hue-rotate: ; --tw-invert: ; --tw-saturate: ; --tw-sepia: ; --tw-drop-shadow: ; --tw-backdrop-blur: ; --tw-backdrop-brightness: ; --tw-backdrop-contrast: ; --tw-backdrop-grayscale: ; --tw-backdrop-hue-rotate: ; --tw-backdrop-invert: ; --tw-backdrop-opacity: ; --tw-backdrop-saturate: ; --tw-backdrop-sepia: ; color: rgb(58, 68, 94); font-family: Roboto, sans-serif;\">Đối với người dân Lạng Sơn, khâu nhục là món ăn không thể thiếu trong các bữa cỗ, chính vì sự cầu kì, phức tạp trong việc chế biến nó mà nhiều người vẫn gọi lái đi là \"khổ nhục\" </p><p style=\"--tw-border-spacing-x: 0; --tw-border-spacing-y: 0; --tw-translate-x: 0; --tw-translate-y: 0; --tw-rotate: 0; --tw-skew-x: 0; --tw-skew-y: 0; --tw-scale-x: 1; --tw-scale-y: 1; --tw-pan-x: ; --tw-pan-y: ; --tw-pinch-zoom: ; --tw-scroll-snap-strictness: proximity; --tw-ordinal: ; --tw-slashed-zero: ; --tw-numeric-figure: ; --tw-numeric-spacing: ; --tw-numeric-fraction: ; --tw-ring-inset: ; --tw-ring-offset-width: 0px; --tw-ring-offset-color: #fff; --tw-ring-color: rgb(59 130 246 / .5); --tw-ring-offset-shadow: 0 0 #0000; --tw-ring-shadow: 0 0 #0000; --tw-shadow: 0 0 #0000; --tw-shadow-colored: 0 0 #0000; --tw-blur: ; --tw-brightness: ; --tw-contrast: ; --tw-grayscale: ; --tw-hue-rotate: ; --tw-invert: ; --tw-saturate: ; --tw-sepia: ; --tw-drop-shadow: ; --tw-backdrop-blur: ; --tw-backdrop-brightness: ; --tw-backdrop-contrast: ; --tw-backdrop-grayscale: ; --tw-backdrop-hue-rotate: ; --tw-backdrop-invert: ; --tw-backdrop-opacity: ; --tw-backdrop-saturate: ; --tw-backdrop-sepia: ; color: rgb(58, 68, 94); font-family: Roboto, sans-serif;\"><span style=\"font-size: 1rem;\">Món ăn có hương vị đặc trưng vô cùng thơm ngon của người dân xứ Lạng : thịt mềm rục với phần bì phồng rộp màu nâu cánh gián đẹp mắt, hương vị của thịt bằm và khoai cũng đậm đà một cách rất riêng và cực kỳ hợp ăn cơm nóng mùa đông.</span></p><p style=\"--tw-border-spacing-x: 0; --tw-border-spacing-y: 0; --tw-translate-x: 0; --tw-translate-y: 0; --tw-rotate: 0; --tw-skew-x: 0; --tw-skew-y: 0; --tw-scale-x: 1; --tw-scale-y: 1; --tw-pan-x: ; --tw-pan-y: ; --tw-pinch-zoom: ; --tw-scroll-snap-strictness: proximity; --tw-ordinal: ; --tw-slashed-zero: ; --tw-numeric-figure: ; --tw-numeric-spacing: ; --tw-numeric-fraction: ; --tw-ring-inset: ; --tw-ring-offset-width: 0px; --tw-ring-offset-color: #fff; --tw-ring-color: rgb(59 130 246 / .5); --tw-ring-offset-shadow: 0 0 #0000; --tw-ring-shadow: 0 0 #0000; --tw-shadow: 0 0 #0000; --tw-shadow-colored: 0 0 #0000; --tw-blur: ; --tw-brightness: ; --tw-contrast: ; --tw-grayscale: ; --tw-hue-rotate: ; --tw-invert: ; --tw-saturate: ; --tw-sepia: ; --tw-drop-shadow: ; --tw-backdrop-blur: ; --tw-backdrop-brightness: ; --tw-backdrop-contrast: ; --tw-backdrop-grayscale: ; --tw-backdrop-hue-rotate: ; --tw-backdrop-invert: ; --tw-backdrop-opacity: ; --tw-backdrop-saturate: ; --tw-backdrop-sepia: ; color: rgb(58, 68, 94); font-family: Roboto, sans-serif;\"><span style=\"font-size: 1rem;\">Order ngay để mang tinh hoa xứ Lạng về ngay bên mâm cơm Tết nhà mình bạn nhé !!</span></p>', NULL),
(29, 'Ruốc cá hồi xào dầu gấm', 'ruoc-ca-hoi-xao-dau-gam', 225000, 50, './public/img/products/ruoc-ca-hoi-xao-dau-gam.jpg', '', '', '', 1, '<p style=\"--tw-border-spacing-x: 0; --tw-border-spacing-y: 0; --tw-translate-x: 0; --tw-translate-y: 0; --tw-rotate: 0; --tw-skew-x: 0; --tw-skew-y: 0; --tw-scale-x: 1; --tw-scale-y: 1; --tw-pan-x: ; --tw-pan-y: ; --tw-pinch-zoom: ; --tw-scroll-snap-strictness: proximity; --tw-ordinal: ; --tw-slashed-zero: ; --tw-numeric-figure: ; --tw-numeric-spacing: ; --tw-numeric-fraction: ; --tw-ring-inset: ; --tw-ring-offset-width: 0px; --tw-ring-offset-color: #fff; --tw-ring-color: rgb(59 130 246 / .5); --tw-ring-offset-shadow: 0 0 #0000; --tw-ring-shadow: 0 0 #0000; --tw-shadow: 0 0 #0000; --tw-shadow-colored: 0 0 #0000; --tw-blur: ; --tw-brightness: ; --tw-contrast: ; --tw-grayscale: ; --tw-hue-rotate: ; --tw-invert: ; --tw-saturate: ; --tw-sepia: ; --tw-drop-shadow: ; --tw-backdrop-blur: ; --tw-backdrop-brightness: ; --tw-backdrop-contrast: ; --tw-backdrop-grayscale: ; --tw-backdrop-hue-rotate: ; --tw-backdrop-invert: ; --tw-backdrop-opacity: ; --tw-backdrop-saturate: ; --tw-backdrop-sepia: ; color: rgb(58, 68, 94); font-family: Roboto, sans-serif;\">Ruốc cá hồi là một món ăn hấp dẫn, mang hương vị đậm đà và tinh tế. Được chế biến từ những miếng cá hồi tươi ngon, ruốc cá hồi giữ trọn vẹn vị ngọt tự nhiên của cá kết hợp hoàn hảo với vị mặn của gia vị, tạo nên một hương vị hài hòa và lôi cuốn.</p><p style=\"--tw-border-spacing-x: 0; --tw-border-spacing-y: 0; --tw-translate-x: 0; --tw-translate-y: 0; --tw-rotate: 0; --tw-skew-x: 0; --tw-skew-y: 0; --tw-scale-x: 1; --tw-scale-y: 1; --tw-pan-x: ; --tw-pan-y: ; --tw-pinch-zoom: ; --tw-scroll-snap-strictness: proximity; --tw-ordinal: ; --tw-slashed-zero: ; --tw-numeric-figure: ; --tw-numeric-spacing: ; --tw-numeric-fraction: ; --tw-ring-inset: ; --tw-ring-offset-width: 0px; --tw-ring-offset-color: #fff; --tw-ring-color: rgb(59 130 246 / .5); --tw-ring-offset-shadow: 0 0 #0000; --tw-ring-shadow: 0 0 #0000; --tw-shadow: 0 0 #0000; --tw-shadow-colored: 0 0 #0000; --tw-blur: ; --tw-brightness: ; --tw-contrast: ; --tw-grayscale: ; --tw-hue-rotate: ; --tw-invert: ; --tw-saturate: ; --tw-sepia: ; --tw-drop-shadow: ; --tw-backdrop-blur: ; --tw-backdrop-brightness: ; --tw-backdrop-contrast: ; --tw-backdrop-grayscale: ; --tw-backdrop-hue-rotate: ; --tw-backdrop-invert: ; --tw-backdrop-opacity: ; --tw-backdrop-saturate: ; --tw-backdrop-sepia: ; color: rgb(58, 68, 94); font-family: Roboto, sans-serif;\">Mỗi miếng ruốc cá hồi đều được xé nhỏ và tẩm ướp kỹ lưỡng, sau đó rang lên cho đến khi khô và giòn. Hương thơm đặc trưng của cá hồi lan tỏa, quyện cùng các loại gia vị tạo nên một món ăn không chỉ ngon miệng mà còn bổ dưỡng.</p><p style=\"--tw-border-spacing-x: 0; --tw-border-spacing-y: 0; --tw-translate-x: 0; --tw-translate-y: 0; --tw-rotate: 0; --tw-skew-x: 0; --tw-skew-y: 0; --tw-scale-x: 1; --tw-scale-y: 1; --tw-pan-x: ; --tw-pan-y: ; --tw-pinch-zoom: ; --tw-scroll-snap-strictness: proximity; --tw-ordinal: ; --tw-slashed-zero: ; --tw-numeric-figure: ; --tw-numeric-spacing: ; --tw-numeric-fraction: ; --tw-ring-inset: ; --tw-ring-offset-width: 0px; --tw-ring-offset-color: #fff; --tw-ring-color: rgb(59 130 246 / .5); --tw-ring-offset-shadow: 0 0 #0000; --tw-ring-shadow: 0 0 #0000; --tw-shadow: 0 0 #0000; --tw-shadow-colored: 0 0 #0000; --tw-blur: ; --tw-brightness: ; --tw-contrast: ; --tw-grayscale: ; --tw-hue-rotate: ; --tw-invert: ; --tw-saturate: ; --tw-sepia: ; --tw-drop-shadow: ; --tw-backdrop-blur: ; --tw-backdrop-brightness: ; --tw-backdrop-contrast: ; --tw-backdrop-grayscale: ; --tw-backdrop-hue-rotate: ; --tw-backdrop-invert: ; --tw-backdrop-opacity: ; --tw-backdrop-saturate: ; --tw-backdrop-sepia: ; color: rgb(58, 68, 94); font-family: Roboto, sans-serif;\">Ruốc cá hồi có thể dễ dàng kết hợp với nhiều món ăn khác nhau, từ cơm trắng, cháo, bánh mì đến các món salad, mang lại sự phong phú và đa dạng cho bữa ăn hàng ngày. Hương vị thơm ngon này dễ dàng làm hài lòng cả người lớn lẫn trẻ em, là lựa chọn tuyệt vời cho những bữa ăn gia đình ấm cúng và bổ dưỡng.</p>', NULL),
(30, 'Nem bề bề nguyên con', 'nem-be-be-nguyen-con', 155000, 50, './public/img/products/nem-be-be-nguyen-con.jpg', '', '', '', 1, '<p><span style=\"color: rgb(58, 68, 94); font-family: Roboto, sans-serif;\">Mỗi chiếc nem bề bề ngoài thành phần nhiều thịt và trứng ra lại có&nbsp;nguyên một&nbsp;em bề bề loại chọn to, ngon. Vị nem ăn giòn rộm vừa miệng và ít ngán, đưa cơm. Tết hay những khi bận rộn mua trữ sẵn trong tủ, lúc cần rán 10p là đã có ngay đĩa nem thơm ngon để thắp hương hay cả nhà thưởng thức rồi ạ.</span><br style=\"--tw-border-spacing-x: 0; --tw-border-spacing-y: 0; --tw-translate-x: 0; --tw-translate-y: 0; --tw-rotate: 0; --tw-skew-x: 0; --tw-skew-y: 0; --tw-scale-x: 1; --tw-scale-y: 1; --tw-pan-x: ; --tw-pan-y: ; --tw-pinch-zoom: ; --tw-scroll-snap-strictness: proximity; --tw-ordinal: ; --tw-slashed-zero: ; --tw-numeric-figure: ; --tw-numeric-spacing: ; --tw-numeric-fraction: ; --tw-ring-inset: ; --tw-ring-offset-width: 0px; --tw-ring-offset-color: #fff; --tw-ring-color: rgb(59 130 246 / .5); --tw-ring-offset-shadow: 0 0 #0000; --tw-ring-shadow: 0 0 #0000; --tw-shadow: 0 0 #0000; --tw-shadow-colored: 0 0 #0000; --tw-blur: ; --tw-brightness: ; --tw-contrast: ; --tw-grayscale: ; --tw-hue-rotate: ; --tw-invert: ; --tw-saturate: ; --tw-sepia: ; --tw-drop-shadow: ; --tw-backdrop-blur: ; --tw-backdrop-brightness: ; --tw-backdrop-contrast: ; --tw-backdrop-grayscale: ; --tw-backdrop-hue-rotate: ; --tw-backdrop-invert: ; --tw-backdrop-opacity: ; --tw-backdrop-saturate: ; --tw-backdrop-sepia: ; color: rgb(58, 68, 94); font-family: Roboto, sans-serif;\"><span style=\"color: rgb(58, 68, 94); font-family: Roboto, sans-serif;\">Nem được&nbsp;gửi kèm nước chấm và dưa góp đầy đủ.</span><br style=\"--tw-border-spacing-x: 0; --tw-border-spacing-y: 0; --tw-translate-x: 0; --tw-translate-y: 0; --tw-rotate: 0; --tw-skew-x: 0; --tw-skew-y: 0; --tw-scale-x: 1; --tw-scale-y: 1; --tw-pan-x: ; --tw-pan-y: ; --tw-pinch-zoom: ; --tw-scroll-snap-strictness: proximity; --tw-ordinal: ; --tw-slashed-zero: ; --tw-numeric-figure: ; --tw-numeric-spacing: ; --tw-numeric-fraction: ; --tw-ring-inset: ; --tw-ring-offset-width: 0px; --tw-ring-offset-color: #fff; --tw-ring-color: rgb(59 130 246 / .5); --tw-ring-offset-shadow: 0 0 #0000; --tw-ring-shadow: 0 0 #0000; --tw-shadow: 0 0 #0000; --tw-shadow-colored: 0 0 #0000; --tw-blur: ; --tw-brightness: ; --tw-contrast: ; --tw-grayscale: ; --tw-hue-rotate: ; --tw-invert: ; --tw-saturate: ; --tw-sepia: ; --tw-drop-shadow: ; --tw-backdrop-blur: ; --tw-backdrop-brightness: ; --tw-backdrop-contrast: ; --tw-backdrop-grayscale: ; --tw-backdrop-hue-rotate: ; --tw-backdrop-invert: ; --tw-backdrop-opacity: ; --tw-backdrop-saturate: ; --tw-backdrop-sepia: ; color: rgb(58, 68, 94); font-family: Roboto, sans-serif;\"><span style=\"color: rgb(58, 68, 94); font-family: Roboto, sans-serif;\">Nem đã rán sơ qua - khi ăn rán lại&nbsp; (không cần giã đông, rán lửa vừa, tránh lật nhiều ạ)</span></p>', '2024-11-11 12:16:41'),
(31, 'Nem bề bề phô mai', 'nem-be-be-pho-mai', 155000, 40, './public/img/products/nem-be-be-pho-mai.png', '', '', '', 1, '<p style=\"--tw-border-spacing-x: 0; --tw-border-spacing-y: 0; --tw-translate-x: 0; --tw-translate-y: 0; --tw-rotate: 0; --tw-skew-x: 0; --tw-skew-y: 0; --tw-scale-x: 1; --tw-scale-y: 1; --tw-pan-x: ; --tw-pan-y: ; --tw-pinch-zoom: ; --tw-scroll-snap-strictness: proximity; --tw-ordinal: ; --tw-slashed-zero: ; --tw-numeric-figure: ; --tw-numeric-spacing: ; --tw-numeric-fraction: ; --tw-ring-inset: ; --tw-ring-offset-width: 0px; --tw-ring-offset-color: #fff; --tw-ring-color: rgb(59 130 246 / .5); --tw-ring-offset-shadow: 0 0 #0000; --tw-ring-shadow: 0 0 #0000; --tw-shadow: 0 0 #0000; --tw-shadow-colored: 0 0 #0000; --tw-blur: ; --tw-brightness: ; --tw-contrast: ; --tw-grayscale: ; --tw-hue-rotate: ; --tw-invert: ; --tw-saturate: ; --tw-sepia: ; --tw-drop-shadow: ; --tw-backdrop-blur: ; --tw-backdrop-brightness: ; --tw-backdrop-contrast: ; --tw-backdrop-grayscale: ; --tw-backdrop-hue-rotate: ; --tw-backdrop-invert: ; --tw-backdrop-opacity: ; --tw-backdrop-saturate: ; --tw-backdrop-sepia: ; color: rgb(58, 68, 94); font-family: Roboto, sans-serif;\">Nem nhiều thịt bề bề vụn, kết hợp thịt heo và trứng, tạo nên món ăn đầy hấp dẫn và giàu dinh dưỡng. Mỗi chiếc nem đều chứa nguyên một con bề bề loại tuyển chọn, to ngon và tươi mới, đảm bảo chất lượng vượt trội. Khi chiên lên, vỏ nem giòn rụm, nhân nem vừa miệng, không bị ngán, rất đưa cơm.</p><p style=\"--tw-border-spacing-x: 0; --tw-border-spacing-y: 0; --tw-translate-x: 0; --tw-translate-y: 0; --tw-rotate: 0; --tw-skew-x: 0; --tw-skew-y: 0; --tw-scale-x: 1; --tw-scale-y: 1; --tw-pan-x: ; --tw-pan-y: ; --tw-pinch-zoom: ; --tw-scroll-snap-strictness: proximity; --tw-ordinal: ; --tw-slashed-zero: ; --tw-numeric-figure: ; --tw-numeric-spacing: ; --tw-numeric-fraction: ; --tw-ring-inset: ; --tw-ring-offset-width: 0px; --tw-ring-offset-color: #fff; --tw-ring-color: rgb(59 130 246 / .5); --tw-ring-offset-shadow: 0 0 #0000; --tw-ring-shadow: 0 0 #0000; --tw-shadow: 0 0 #0000; --tw-shadow-colored: 0 0 #0000; --tw-blur: ; --tw-brightness: ; --tw-contrast: ; --tw-grayscale: ; --tw-hue-rotate: ; --tw-invert: ; --tw-saturate: ; --tw-sepia: ; --tw-drop-shadow: ; --tw-backdrop-blur: ; --tw-backdrop-brightness: ; --tw-backdrop-contrast: ; --tw-backdrop-grayscale: ; --tw-backdrop-hue-rotate: ; --tw-backdrop-invert: ; --tw-backdrop-opacity: ; --tw-backdrop-saturate: ; --tw-backdrop-sepia: ; color: rgb(58, 68, 94); font-family: Roboto, sans-serif;\">&nbsp;</p><p style=\"--tw-border-spacing-x: 0; --tw-border-spacing-y: 0; --tw-translate-x: 0; --tw-translate-y: 0; --tw-rotate: 0; --tw-skew-x: 0; --tw-skew-y: 0; --tw-scale-x: 1; --tw-scale-y: 1; --tw-pan-x: ; --tw-pan-y: ; --tw-pinch-zoom: ; --tw-scroll-snap-strictness: proximity; --tw-ordinal: ; --tw-slashed-zero: ; --tw-numeric-figure: ; --tw-numeric-spacing: ; --tw-numeric-fraction: ; --tw-ring-inset: ; --tw-ring-offset-width: 0px; --tw-ring-offset-color: #fff; --tw-ring-color: rgb(59 130 246 / .5); --tw-ring-offset-shadow: 0 0 #0000; --tw-ring-shadow: 0 0 #0000; --tw-shadow: 0 0 #0000; --tw-shadow-colored: 0 0 #0000; --tw-blur: ; --tw-brightness: ; --tw-contrast: ; --tw-grayscale: ; --tw-hue-rotate: ; --tw-invert: ; --tw-saturate: ; --tw-sepia: ; --tw-drop-shadow: ; --tw-backdrop-blur: ; --tw-backdrop-brightness: ; --tw-backdrop-contrast: ; --tw-backdrop-grayscale: ; --tw-backdrop-hue-rotate: ; --tw-backdrop-invert: ; --tw-backdrop-opacity: ; --tw-backdrop-saturate: ; --tw-backdrop-sepia: ; color: rgb(58, 68, 94); font-family: Roboto, sans-serif;\">Đặc biệt, món nem này rất tiện lợi cho những ngày bận rộn. Chỉ cần mua sẵn và trữ trong tủ lạnh, khi cần, bạn chỉ mất khoảng 10 phút để chiên là đã có ngay đĩa nem thơm ngon, nóng hổi để cả nhà cùng thưởng thức. Nem không chỉ là món ăn ngon miệng mà còn giúp tiết kiệm thời gian, mang lại bữa ăn hấp dẫn cho mọi thành viên trong gia đình.</p><p style=\"--tw-border-spacing-x: 0; --tw-border-spacing-y: 0; --tw-translate-x: 0; --tw-translate-y: 0; --tw-rotate: 0; --tw-skew-x: 0; --tw-skew-y: 0; --tw-scale-x: 1; --tw-scale-y: 1; --tw-pan-x: ; --tw-pan-y: ; --tw-pinch-zoom: ; --tw-scroll-snap-strictness: proximity; --tw-ordinal: ; --tw-slashed-zero: ; --tw-numeric-figure: ; --tw-numeric-spacing: ; --tw-numeric-fraction: ; --tw-ring-inset: ; --tw-ring-offset-width: 0px; --tw-ring-offset-color: #fff; --tw-ring-color: rgb(59 130 246 / .5); --tw-ring-offset-shadow: 0 0 #0000; --tw-ring-shadow: 0 0 #0000; --tw-shadow: 0 0 #0000; --tw-shadow-colored: 0 0 #0000; --tw-blur: ; --tw-brightness: ; --tw-contrast: ; --tw-grayscale: ; --tw-hue-rotate: ; --tw-invert: ; --tw-saturate: ; --tw-sepia: ; --tw-drop-shadow: ; --tw-backdrop-blur: ; --tw-backdrop-brightness: ; --tw-backdrop-contrast: ; --tw-backdrop-grayscale: ; --tw-backdrop-hue-rotate: ; --tw-backdrop-invert: ; --tw-backdrop-opacity: ; --tw-backdrop-saturate: ; --tw-backdrop-sepia: ; color: rgb(58, 68, 94); font-family: Roboto, sans-serif;\">Nem bề bề nguyên con ngọt ngon cho mọi gia đình. Vị nem ăn giòn rộm, vừa miệng và ít ngán, đưa cơm. Mua trữ sẵn trong tủ để những khi bận rộn chỉ cần rán 10p là có ngay đĩa nem thơm ngon cho cả nhà thưởng thức</p>', '2024-11-11 12:18:18'),
(32, 'Nem bơ hải sản phô mai', 'nem-bo-hai-san-pho-mai', 155000, 30, './public/img/products/nem-bo-hai-san-pho-mai.png', '', '', '', 1, '<p style=\"--tw-border-spacing-x: 0; --tw-border-spacing-y: 0; --tw-translate-x: 0; --tw-translate-y: 0; --tw-rotate: 0; --tw-skew-x: 0; --tw-skew-y: 0; --tw-scale-x: 1; --tw-scale-y: 1; --tw-pan-x: ; --tw-pan-y: ; --tw-pinch-zoom: ; --tw-scroll-snap-strictness: proximity; --tw-ordinal: ; --tw-slashed-zero: ; --tw-numeric-figure: ; --tw-numeric-spacing: ; --tw-numeric-fraction: ; --tw-ring-inset: ; --tw-ring-offset-width: 0px; --tw-ring-offset-color: #fff; --tw-ring-color: rgb(59 130 246 / .5); --tw-ring-offset-shadow: 0 0 #0000; --tw-ring-shadow: 0 0 #0000; --tw-shadow: 0 0 #0000; --tw-shadow-colored: 0 0 #0000; --tw-blur: ; --tw-brightness: ; --tw-contrast: ; --tw-grayscale: ; --tw-hue-rotate: ; --tw-invert: ; --tw-saturate: ; --tw-sepia: ; --tw-drop-shadow: ; --tw-backdrop-blur: ; --tw-backdrop-brightness: ; --tw-backdrop-contrast: ; --tw-backdrop-grayscale: ; --tw-backdrop-hue-rotate: ; --tw-backdrop-invert: ; --tw-backdrop-opacity: ; --tw-backdrop-saturate: ; --tw-backdrop-sepia: ; color: rgb(58, 68, 94); font-family: Roboto, sans-serif;\">Khác với các món nem thịt thông thường, nem bơ hải sản có vị giòn sựt cực thú vị của các loại hải sản được gói bên trong những chiếc nem, mang đến cảm giác thú vị cho người thưởng thức.</p><p style=\"--tw-border-spacing-x: 0; --tw-border-spacing-y: 0; --tw-translate-x: 0; --tw-translate-y: 0; --tw-rotate: 0; --tw-skew-x: 0; --tw-skew-y: 0; --tw-scale-x: 1; --tw-scale-y: 1; --tw-pan-x: ; --tw-pan-y: ; --tw-pinch-zoom: ; --tw-scroll-snap-strictness: proximity; --tw-ordinal: ; --tw-slashed-zero: ; --tw-numeric-figure: ; --tw-numeric-spacing: ; --tw-numeric-fraction: ; --tw-ring-inset: ; --tw-ring-offset-width: 0px; --tw-ring-offset-color: #fff; --tw-ring-color: rgb(59 130 246 / .5); --tw-ring-offset-shadow: 0 0 #0000; --tw-ring-shadow: 0 0 #0000; --tw-shadow: 0 0 #0000; --tw-shadow-colored: 0 0 #0000; --tw-blur: ; --tw-brightness: ; --tw-contrast: ; --tw-grayscale: ; --tw-hue-rotate: ; --tw-invert: ; --tw-saturate: ; --tw-sepia: ; --tw-drop-shadow: ; --tw-backdrop-blur: ; --tw-backdrop-brightness: ; --tw-backdrop-contrast: ; --tw-backdrop-grayscale: ; --tw-backdrop-hue-rotate: ; --tw-backdrop-invert: ; --tw-backdrop-opacity: ; --tw-backdrop-saturate: ; --tw-backdrop-sepia: ; color: rgb(58, 68, 94); font-family: Roboto, sans-serif;\">Cuối tuần hay những ngày lễ Tết, bạn muốn đãi cả nhà những món ăn thật lạ miệng và đặc biệt.&nbsp;Nem bơ hải sản&nbsp;có thể là một lựa chọn hợp lý. Khác với các món nem thịt thông thường,&nbsp;nem hải sản&nbsp;với phần nhân tôm và mực có vị giòn ngọt đặc biệt, chấm cùng sốt mayonnaise khiến bạn muốn ăn hết miếng này tới miếng khác không thôi! Nhưng thường các chị em rất ít khi &nbsp;chế biến tại nhà vì nó khá phức tạp và khó để chuẩn vị.</p><p style=\"--tw-border-spacing-x: 0; --tw-border-spacing-y: 0; --tw-translate-x: 0; --tw-translate-y: 0; --tw-rotate: 0; --tw-skew-x: 0; --tw-skew-y: 0; --tw-scale-x: 1; --tw-scale-y: 1; --tw-pan-x: ; --tw-pan-y: ; --tw-pinch-zoom: ; --tw-scroll-snap-strictness: proximity; --tw-ordinal: ; --tw-slashed-zero: ; --tw-numeric-figure: ; --tw-numeric-spacing: ; --tw-numeric-fraction: ; --tw-ring-inset: ; --tw-ring-offset-width: 0px; --tw-ring-offset-color: #fff; --tw-ring-color: rgb(59 130 246 / .5); --tw-ring-offset-shadow: 0 0 #0000; --tw-ring-shadow: 0 0 #0000; --tw-shadow: 0 0 #0000; --tw-shadow-colored: 0 0 #0000; --tw-blur: ; --tw-brightness: ; --tw-contrast: ; --tw-grayscale: ; --tw-hue-rotate: ; --tw-invert: ; --tw-saturate: ; --tw-sepia: ; --tw-drop-shadow: ; --tw-backdrop-blur: ; --tw-backdrop-brightness: ; --tw-backdrop-contrast: ; --tw-backdrop-grayscale: ; --tw-backdrop-hue-rotate: ; --tw-backdrop-invert: ; --tw-backdrop-opacity: ; --tw-backdrop-saturate: ; --tw-backdrop-sepia: ; color: rgb(58, 68, 94); font-family: Roboto, sans-serif;\">Món nem bơ hải sản phô mai nhà Bếp của Mẹ rất&nbsp;ngon, tiện lợi với&nbsp;nguyên liệu tuyển chọn cực kỳ an tâm : bề bề, cá hồi, tôm thái hạt lựu mix với rau củ, bơ và phô mai mozzaella,&nbsp;cực kỳ&nbsp;&nbsp;phù hợp với các bữa tiệc tất niên hay trong những mâm cơm sum họp đầu năm của gia đình.&nbsp;</p><p style=\"--tw-border-spacing-x: 0; --tw-border-spacing-y: 0; --tw-translate-x: 0; --tw-translate-y: 0; --tw-rotate: 0; --tw-skew-x: 0; --tw-skew-y: 0; --tw-scale-x: 1; --tw-scale-y: 1; --tw-pan-x: ; --tw-pan-y: ; --tw-pinch-zoom: ; --tw-scroll-snap-strictness: proximity; --tw-ordinal: ; --tw-slashed-zero: ; --tw-numeric-figure: ; --tw-numeric-spacing: ; --tw-numeric-fraction: ; --tw-ring-inset: ; --tw-ring-offset-width: 0px; --tw-ring-offset-color: #fff; --tw-ring-color: rgb(59 130 246 / .5); --tw-ring-offset-shadow: 0 0 #0000; --tw-ring-shadow: 0 0 #0000; --tw-shadow: 0 0 #0000; --tw-shadow-colored: 0 0 #0000; --tw-blur: ; --tw-brightness: ; --tw-contrast: ; --tw-grayscale: ; --tw-hue-rotate: ; --tw-invert: ; --tw-saturate: ; --tw-sepia: ; --tw-drop-shadow: ; --tw-backdrop-blur: ; --tw-backdrop-brightness: ; --tw-backdrop-contrast: ; --tw-backdrop-grayscale: ; --tw-backdrop-hue-rotate: ; --tw-backdrop-invert: ; --tw-backdrop-opacity: ; --tw-backdrop-saturate: ; --tw-backdrop-sepia: ; color: rgb(58, 68, 94); font-family: Roboto, sans-serif;\">Hãy cùng Bếp của Mẹ thưởng thức món ăn đặc biệt bên gia đình trong dịp Tết này bạn nhé !</p>', '2024-11-11 12:19:45'),
(33, 'Nem chay', 'nem-chay', 100000, 30, './public/img/products/nem-chay.jpg', '', '', '', 1, '<p style=\"--tw-border-spacing-x: 0; --tw-border-spacing-y: 0; --tw-translate-x: 0; --tw-translate-y: 0; --tw-rotate: 0; --tw-skew-x: 0; --tw-skew-y: 0; --tw-scale-x: 1; --tw-scale-y: 1; --tw-pan-x: ; --tw-pan-y: ; --tw-pinch-zoom: ; --tw-scroll-snap-strictness: proximity; --tw-ordinal: ; --tw-slashed-zero: ; --tw-numeric-figure: ; --tw-numeric-spacing: ; --tw-numeric-fraction: ; --tw-ring-inset: ; --tw-ring-offset-width: 0px; --tw-ring-offset-color: #fff; --tw-ring-color: rgb(59 130 246 / .5); --tw-ring-offset-shadow: 0 0 #0000; --tw-ring-shadow: 0 0 #0000; --tw-shadow: 0 0 #0000; --tw-shadow-colored: 0 0 #0000; --tw-blur: ; --tw-brightness: ; --tw-contrast: ; --tw-grayscale: ; --tw-hue-rotate: ; --tw-invert: ; --tw-saturate: ; --tw-sepia: ; --tw-drop-shadow: ; --tw-backdrop-blur: ; --tw-backdrop-brightness: ; --tw-backdrop-contrast: ; --tw-backdrop-grayscale: ; --tw-backdrop-hue-rotate: ; --tw-backdrop-invert: ; --tw-backdrop-opacity: ; --tw-backdrop-saturate: ; --tw-backdrop-sepia: ; color: rgb(58, 68, 94); font-family: Roboto, sans-serif;\">Từ lâu, ăn chay là tập tục tín ngưỡng, văn hóa truyền thống của các nước Á Đông. Bên cạnh đó, hầu hết các món chay đều được biến tấu từ các loại đậu, rau củ, nấm... chứa nhiều chất xơ, ít cholesterol, giàu vitamin A, B rất tốt cho sức khỏe và ngăn ngừa các bệnh cao huyết áp, tim mạch, tai biến, táo bón... Nem chay cũng là món ăn đơn giản và tốt cho sức khoẻ.</p><p class=\"p1\" style=\"--tw-border-spacing-x: 0; --tw-border-spacing-y: 0; --tw-translate-x: 0; --tw-translate-y: 0; --tw-rotate: 0; --tw-skew-x: 0; --tw-skew-y: 0; --tw-scale-x: 1; --tw-scale-y: 1; --tw-pan-x: ; --tw-pan-y: ; --tw-pinch-zoom: ; --tw-scroll-snap-strictness: proximity; --tw-ordinal: ; --tw-slashed-zero: ; --tw-numeric-figure: ; --tw-numeric-spacing: ; --tw-numeric-fraction: ; --tw-ring-inset: ; --tw-ring-offset-width: 0px; --tw-ring-offset-color: #fff; --tw-ring-color: rgb(59 130 246 / .5); --tw-ring-offset-shadow: 0 0 #0000; --tw-ring-shadow: 0 0 #0000; --tw-shadow: 0 0 #0000; --tw-shadow-colored: 0 0 #0000; --tw-blur: ; --tw-brightness: ; --tw-contrast: ; --tw-grayscale: ; --tw-hue-rotate: ; --tw-invert: ; --tw-saturate: ; --tw-sepia: ; --tw-drop-shadow: ; --tw-backdrop-blur: ; --tw-backdrop-brightness: ; --tw-backdrop-contrast: ; --tw-backdrop-grayscale: ; --tw-backdrop-hue-rotate: ; --tw-backdrop-invert: ; --tw-backdrop-opacity: ; --tw-backdrop-saturate: ; --tw-backdrop-sepia: ; color: rgb(58, 68, 94); font-family: Roboto, sans-serif;\">Món nem chay nhà Bếp&nbsp;ngon lạ miệng với rau củ mềm ngọt ẩn trong lớp vỏ bánh nem giòn rụm, pha thêm chút nước chấm chua ngọt hoặc chấm mayonaise cũng đều rất ngon và đem lại cảm giác thích thú cho người thưởng thức..</p><p class=\"p1\" style=\"--tw-border-spacing-x: 0; --tw-border-spacing-y: 0; --tw-translate-x: 0; --tw-translate-y: 0; --tw-rotate: 0; --tw-skew-x: 0; --tw-skew-y: 0; --tw-scale-x: 1; --tw-scale-y: 1; --tw-pan-x: ; --tw-pan-y: ; --tw-pinch-zoom: ; --tw-scroll-snap-strictness: proximity; --tw-ordinal: ; --tw-slashed-zero: ; --tw-numeric-figure: ; --tw-numeric-spacing: ; --tw-numeric-fraction: ; --tw-ring-inset: ; --tw-ring-offset-width: 0px; --tw-ring-offset-color: #fff; --tw-ring-color: rgb(59 130 246 / .5); --tw-ring-offset-shadow: 0 0 #0000; --tw-ring-shadow: 0 0 #0000; --tw-shadow: 0 0 #0000; --tw-shadow-colored: 0 0 #0000; --tw-blur: ; --tw-brightness: ; --tw-contrast: ; --tw-grayscale: ; --tw-hue-rotate: ; --tw-invert: ; --tw-saturate: ; --tw-sepia: ; --tw-drop-shadow: ; --tw-backdrop-blur: ; --tw-backdrop-brightness: ; --tw-backdrop-contrast: ; --tw-backdrop-grayscale: ; --tw-backdrop-hue-rotate: ; --tw-backdrop-invert: ; --tw-backdrop-opacity: ; --tw-backdrop-saturate: ; --tw-backdrop-sepia: ; color: rgb(58, 68, 94); font-family: Roboto, sans-serif;\">Nem chay của Bếp của Mẹ&nbsp;làm thuần chay : không hương liệu, không giả vị mà vẫn rất thơm ngon và đáng thử đó ạ !</p>', '2024-11-11 12:20:37');
INSERT INTO `products` (`id`, `name`, `slug`, `price`, `stock`, `image1`, `image2`, `image3`, `image4`, `promotion_id`, `description`, `created_at`) VALUES
(34, 'Nem ghẹ hải sản', 'nem-ghe-hai-san', 155000, 20, './public/img/products/nem-ghe-hai-san.jpg', '', '', '', 1, '<p style=\"--tw-border-spacing-x: 0; --tw-border-spacing-y: 0; --tw-translate-x: 0; --tw-translate-y: 0; --tw-rotate: 0; --tw-skew-x: 0; --tw-skew-y: 0; --tw-scale-x: 1; --tw-scale-y: 1; --tw-pan-x: ; --tw-pan-y: ; --tw-pinch-zoom: ; --tw-scroll-snap-strictness: proximity; --tw-ordinal: ; --tw-slashed-zero: ; --tw-numeric-figure: ; --tw-numeric-spacing: ; --tw-numeric-fraction: ; --tw-ring-inset: ; --tw-ring-offset-width: 0px; --tw-ring-offset-color: #fff; --tw-ring-color: rgb(59 130 246 / .5); --tw-ring-offset-shadow: 0 0 #0000; --tw-ring-shadow: 0 0 #0000; --tw-shadow: 0 0 #0000; --tw-shadow-colored: 0 0 #0000; --tw-blur: ; --tw-brightness: ; --tw-contrast: ; --tw-grayscale: ; --tw-hue-rotate: ; --tw-invert: ; --tw-saturate: ; --tw-sepia: ; --tw-drop-shadow: ; --tw-backdrop-blur: ; --tw-backdrop-brightness: ; --tw-backdrop-contrast: ; --tw-backdrop-grayscale: ; --tw-backdrop-hue-rotate: ; --tw-backdrop-invert: ; --tw-backdrop-opacity: ; --tw-backdrop-saturate: ; --tw-backdrop-sepia: ; color: rgb(58, 68, 94); font-family: Roboto, sans-serif;\">Nem là món ăn không thể thiểu trong văn hóa ẩm thực của Việt Nam, nhất là trong những ngày lễ. Sẽ không mất nhiều thời gian để bạn có thể liệt kê ra vô vàn các loại nem, nhưng xét về sự đặc biệt thì phải nói đến&nbsp;<span style=\"--tw-border-spacing-x: 0; --tw-border-spacing-y: 0; --tw-translate-x: 0; --tw-translate-y: 0; --tw-rotate: 0; --tw-skew-x: 0; --tw-skew-y: 0; --tw-scale-x: 1; --tw-scale-y: 1; --tw-pan-x: ; --tw-pan-y: ; --tw-pinch-zoom: ; --tw-scroll-snap-strictness: proximity; --tw-ordinal: ; --tw-slashed-zero: ; --tw-numeric-figure: ; --tw-numeric-spacing: ; --tw-numeric-fraction: ; --tw-ring-inset: ; --tw-ring-offset-width: 0px; --tw-ring-offset-color: #fff; --tw-ring-color: rgb(59 130 246 / .5); --tw-ring-offset-shadow: 0 0 #0000; --tw-ring-shadow: 0 0 #0000; --tw-shadow: 0 0 #0000; --tw-shadow-colored: 0 0 #0000; --tw-blur: ; --tw-brightness: ; --tw-contrast: ; --tw-grayscale: ; --tw-hue-rotate: ; --tw-invert: ; --tw-saturate: ; --tw-sepia: ; --tw-drop-shadow: ; --tw-backdrop-blur: ; --tw-backdrop-brightness: ; --tw-backdrop-contrast: ; --tw-backdrop-grayscale: ; --tw-backdrop-hue-rotate: ; --tw-backdrop-invert: ; --tw-backdrop-opacity: ; --tw-backdrop-saturate: ; --tw-backdrop-sepia: ; font-weight: bolder;\">nem ghẹ hải sản</span>. Đây&nbsp;là món ăn mới phổ biến&nbsp;khoảng hơn chục năm&nbsp;trở lại đây, là sự kết hợp đột phá giữa ẩm thực phương tây kết hợp với ẩm thực Việt&nbsp;tạo nên món ăn tuyệt vời này.&nbsp;</p><p style=\"--tw-border-spacing-x: 0; --tw-border-spacing-y: 0; --tw-translate-x: 0; --tw-translate-y: 0; --tw-rotate: 0; --tw-skew-x: 0; --tw-skew-y: 0; --tw-scale-x: 1; --tw-scale-y: 1; --tw-pan-x: ; --tw-pan-y: ; --tw-pinch-zoom: ; --tw-scroll-snap-strictness: proximity; --tw-ordinal: ; --tw-slashed-zero: ; --tw-numeric-figure: ; --tw-numeric-spacing: ; --tw-numeric-fraction: ; --tw-ring-inset: ; --tw-ring-offset-width: 0px; --tw-ring-offset-color: #fff; --tw-ring-color: rgb(59 130 246 / .5); --tw-ring-offset-shadow: 0 0 #0000; --tw-ring-shadow: 0 0 #0000; --tw-shadow: 0 0 #0000; --tw-shadow-colored: 0 0 #0000; --tw-blur: ; --tw-brightness: ; --tw-contrast: ; --tw-grayscale: ; --tw-hue-rotate: ; --tw-invert: ; --tw-saturate: ; --tw-sepia: ; --tw-drop-shadow: ; --tw-backdrop-blur: ; --tw-backdrop-brightness: ; --tw-backdrop-contrast: ; --tw-backdrop-grayscale: ; --tw-backdrop-hue-rotate: ; --tw-backdrop-invert: ; --tw-backdrop-opacity: ; --tw-backdrop-saturate: ; --tw-backdrop-sepia: ; color: rgb(58, 68, 94); font-family: Roboto, sans-serif;\">Cùng Bếp của Mẹ thưởng thức món ăn độc đáo, thơm ngon, giòn rộm cùng gia đình&nbsp;nhé !</p>', '2024-11-11 12:21:51'),
(35, 'Nem chua lá - cái 200g', 'nem-chua-la-cai-200g', 45000, 40, './public/img/products/nem-chua-la.jpg', '', '', '', 1, '<p style=\"--tw-border-spacing-x: 0; --tw-border-spacing-y: 0; --tw-translate-x: 0; --tw-translate-y: 0; --tw-rotate: 0; --tw-skew-x: 0; --tw-skew-y: 0; --tw-scale-x: 1; --tw-scale-y: 1; --tw-pan-x: ; --tw-pan-y: ; --tw-pinch-zoom: ; --tw-scroll-snap-strictness: proximity; --tw-ordinal: ; --tw-slashed-zero: ; --tw-numeric-figure: ; --tw-numeric-spacing: ; --tw-numeric-fraction: ; --tw-ring-inset: ; --tw-ring-offset-width: 0px; --tw-ring-offset-color: #fff; --tw-ring-color: rgb(59 130 246 / .5); --tw-ring-offset-shadow: 0 0 #0000; --tw-ring-shadow: 0 0 #0000; --tw-shadow: 0 0 #0000; --tw-shadow-colored: 0 0 #0000; --tw-blur: ; --tw-brightness: ; --tw-contrast: ; --tw-grayscale: ; --tw-hue-rotate: ; --tw-invert: ; --tw-saturate: ; --tw-sepia: ; --tw-drop-shadow: ; --tw-backdrop-blur: ; --tw-backdrop-brightness: ; --tw-backdrop-contrast: ; --tw-backdrop-grayscale: ; --tw-backdrop-hue-rotate: ; --tw-backdrop-invert: ; --tw-backdrop-opacity: ; --tw-backdrop-saturate: ; --tw-backdrop-sepia: ; color: rgb(58, 68, 94); font-family: Roboto, sans-serif;\">Nhắc tới nem chua, không ai biết&nbsp;những chiếc nem đầu tiên có xuất xứ từ đâu. Nhưng, nem chua, dù có ở đâu đi nữa&nbsp;thì đều có sức hấp dẫn không thể cưỡng lại.&nbsp;Ở nem chua có vị chua thanh của thịt, dai giòn của sợi bì, cay của ớt, thơm của tỏi, chát ngọt của đinh lăng hay lá sung, lá ổi… khiến người người chẳng thể nào quên.&nbsp;Nổi tiếng ở Việt Nam như một sản vật phổ biến tại nhiều địa phương, từ Bắc chí Nam, đâu đâu cũng có đặc sản nem chua với những hương vị riêng.</p><p style=\"--tw-border-spacing-x: 0; --tw-border-spacing-y: 0; --tw-translate-x: 0; --tw-translate-y: 0; --tw-rotate: 0; --tw-skew-x: 0; --tw-skew-y: 0; --tw-scale-x: 1; --tw-scale-y: 1; --tw-pan-x: ; --tw-pan-y: ; --tw-pinch-zoom: ; --tw-scroll-snap-strictness: proximity; --tw-ordinal: ; --tw-slashed-zero: ; --tw-numeric-figure: ; --tw-numeric-spacing: ; --tw-numeric-fraction: ; --tw-ring-inset: ; --tw-ring-offset-width: 0px; --tw-ring-offset-color: #fff; --tw-ring-color: rgb(59 130 246 / .5); --tw-ring-offset-shadow: 0 0 #0000; --tw-ring-shadow: 0 0 #0000; --tw-shadow: 0 0 #0000; --tw-shadow-colored: 0 0 #0000; --tw-blur: ; --tw-brightness: ; --tw-contrast: ; --tw-grayscale: ; --tw-hue-rotate: ; --tw-invert: ; --tw-saturate: ; --tw-sepia: ; --tw-drop-shadow: ; --tw-backdrop-blur: ; --tw-backdrop-brightness: ; --tw-backdrop-contrast: ; --tw-backdrop-grayscale: ; --tw-backdrop-hue-rotate: ; --tw-backdrop-invert: ; --tw-backdrop-opacity: ; --tw-backdrop-saturate: ; --tw-backdrop-sepia: ; color: rgb(58, 68, 94); font-family: Roboto, sans-serif;\">Nem chua lá được làm bởi&nbsp;Bếp của Mẹ&nbsp;vừa đến độ ngon, chắc thịt, thái lát chấm kèm tương ớt ngon xuýt xoa, tụ tập bạn bè ăn nhậu thì quá tuyệt ạ.&nbsp;</p><p style=\"--tw-border-spacing-x: 0; --tw-border-spacing-y: 0; --tw-translate-x: 0; --tw-translate-y: 0; --tw-rotate: 0; --tw-skew-x: 0; --tw-skew-y: 0; --tw-scale-x: 1; --tw-scale-y: 1; --tw-pan-x: ; --tw-pan-y: ; --tw-pinch-zoom: ; --tw-scroll-snap-strictness: proximity; --tw-ordinal: ; --tw-slashed-zero: ; --tw-numeric-figure: ; --tw-numeric-spacing: ; --tw-numeric-fraction: ; --tw-ring-inset: ; --tw-ring-offset-width: 0px; --tw-ring-offset-color: #fff; --tw-ring-color: rgb(59 130 246 / .5); --tw-ring-offset-shadow: 0 0 #0000; --tw-ring-shadow: 0 0 #0000; --tw-shadow: 0 0 #0000; --tw-shadow-colored: 0 0 #0000; --tw-blur: ; --tw-brightness: ; --tw-contrast: ; --tw-grayscale: ; --tw-hue-rotate: ; --tw-invert: ; --tw-saturate: ; --tw-sepia: ; --tw-drop-shadow: ; --tw-backdrop-blur: ; --tw-backdrop-brightness: ; --tw-backdrop-contrast: ; --tw-backdrop-grayscale: ; --tw-backdrop-hue-rotate: ; --tw-backdrop-invert: ; --tw-backdrop-opacity: ; --tw-backdrop-saturate: ; --tw-backdrop-sepia: ; color: rgb(58, 68, 94); font-family: Roboto, sans-serif;\">Hãy cùng Bếp của Mẹ thưởng thức món nem chua đặc biệt này cùng gia đình&nbsp;bạn nhé !</p>', '2024-11-11 12:22:46'),
(36, 'Cơm gà chiên mắm', 'com-ga-chien-mam', 65000, 40, './public/img/products/com-ga-chien-mam-1.png', './public/img/products/com-ga-chien-mam-2.png', './public/img/products/com-ga-chien-mam-3.png', '', 1, '', '2024-11-14 03:56:45'),
(37, 'Cơm cá basa kho tộ', 'com-ca-basa-kho-to', 55000, 30, './public/img/products/no-image.png', '', '', '', 1, '', '2024-11-14 03:57:23'),
(38, 'Bánh bột lọc Huế', 'banh-bot-loc-hue', 3000, 120, './public/img/products/banh-bot-loc-hue.jpg', '', '', '', 1, '<p><span style=\"color: rgb(58, 68, 94); font-family: Roboto, sans-serif;\">Bánh được lựa chọn kỹ đến từng con tôm chắc ngọt kết hợp với vỏ bánh dẻo, dai, trong. Khi hấp bánh nóng, mùi tôm thơm lừng, vỏ dai dai hòa quyện với vị ngọt của tôm, vị béo của thịt mỡ, chấm kèm nước chấm ớt xanh như một sự kết hợp hoàn hảo, hợp vô cùng. Những người con làm ăn xa hay người đã từng đến Huế, yêu Huế nhất định nên thử để nhớ về thứ hương vị rất đỗi quen thuộc mà khó quên này&nbsp;</span></p>', '2024-11-14 04:01:47'),
(39, 'Chè bưởi cốt dừa', 'che-buoi-cot-dua', 30000, 50, './public/img/products/che-buoi-cot-dua.png', '', '', '', 1, '<p><span style=\"color: rgb(58, 68, 94); font-family: Roboto, sans-serif;\">Chè bưởi cốt dừa là một tuyệt tác ẩm thực Việt Nam, mang đến hương vị phong phú và đa dạng. Cùi bưởi giòn sật, thấm đều vị ngọt thanh, kết hợp với đậu xanh bùi bùi và nước cốt dừa béo ngậy. Hương thơm nhẹ nhàng của lá dứa làm dịu đi độ ngọt và béo, tạo nên một tổng thể hài hòa. Mỗi muỗng chè là sự bùng nổ của hương vị, từ giòn sật của cùi bưởi, bùi bùi của đậu xanh, đến béo ngậy của nước cốt dừa. Chè bưởi cốt dừa không chỉ ngon miệng mà còn hấp dẫn, làm hài lòng cả những thực khách khó tính nhất.</span></p>', '2024-11-14 04:03:39'),
(40, 'Chè sầu Đà Nẵng', 'che-sau-a-nang', 30000, 50, './public/img/products/che-sau-da-nang.png', '', '', '', 1, '<p><span style=\"color: rgb(58, 68, 94); font-family: Roboto, sans-serif;\">Chè sầu Đà Nẵng là một món tráng miệng đặc biệt, mang hương vị độc đáo của sầu riêng kết hợp với sự mát lạnh và ngọt ngào của chè. Sầu riêng thơm nồng, béo ngậy, hòa quyện cùng nước cốt dừa sánh mịn và đậu xanh bùi bùi, tạo nên một sự kết hợp tuyệt vời. Mỗi muỗng chè là một trải nghiệm thú vị, với mùi thơm đặc trưng của sầu riêng, vị ngọt thanh của chè, và sự béo ngậy của nước cốt dừa. Chè sầu Đà Nẵng không chỉ ngon miệng mà còn rất bổ dưỡng, mang lại sự thỏa mãn và niềm vui cho người thưởng thức, đặc biệt là những ai yêu thích hương vị đậm đà và tinh tế của sầu riêng.</span></p>', '2024-11-14 04:07:26'),
(41, 'Chè khoai dẻo Đài Loan', 'che-khoai-deo-ai-loan', 35000, 50, './public/img/products/che-khoai-deo-dai-loan-1.png', './public/img/products/che-khoai-deo-dai-loan-2.png', './public/img/products/che-khoai-deo-dai-loan-3.png', '', 1, '<p><span style=\"color: rgb(58, 68, 94); font-family: Roboto, sans-serif;\">Khám phá ngay món Chè Khoai Dẻo Đài Loan tại Bếp Của Mẹ – sự kết hợp hoàn hảo giữa những viên khoai dẻo dai, nước cốt dừa béo ngậy và thạch mềm mịn. Hương vị ngọt thanh của khoai hòa quyện với độ béo của nước cốt dừa và sự mát lạnh của thạch, tạo nên một món tráng miệng độc đáo, hấp dẫn và đầy màu sắc.</span></p>', '2024-11-14 04:08:20'),
(42, 'Chè thốt nốt sữa dừa', 'che-thot-not-sua-dua', 35000, 50, './public/img/products/che-thot-not-sua-dua-1.png', './public/img/products/che-thot-not-sua-dua-2.png', './public/img/products/chet-thot-not-sua-dua-3.png', './public/img/products/che-thot-not-sua-dua-4.png', 1, '<p style=\"--tw-border-spacing-x: 0; --tw-border-spacing-y: 0; --tw-translate-x: 0; --tw-translate-y: 0; --tw-rotate: 0; --tw-skew-x: 0; --tw-skew-y: 0; --tw-scale-x: 1; --tw-scale-y: 1; --tw-pan-x: ; --tw-pan-y: ; --tw-pinch-zoom: ; --tw-scroll-snap-strictness: proximity; --tw-ordinal: ; --tw-slashed-zero: ; --tw-numeric-figure: ; --tw-numeric-spacing: ; --tw-numeric-fraction: ; --tw-ring-inset: ; --tw-ring-offset-width: 0px; --tw-ring-offset-color: #fff; --tw-ring-color: rgb(59 130 246 / .5); --tw-ring-offset-shadow: 0 0 #0000; --tw-ring-shadow: 0 0 #0000; --tw-shadow: 0 0 #0000; --tw-shadow-colored: 0 0 #0000; --tw-blur: ; --tw-brightness: ; --tw-contrast: ; --tw-grayscale: ; --tw-hue-rotate: ; --tw-invert: ; --tw-saturate: ; --tw-sepia: ; --tw-drop-shadow: ; --tw-backdrop-blur: ; --tw-backdrop-brightness: ; --tw-backdrop-contrast: ; --tw-backdrop-grayscale: ; --tw-backdrop-hue-rotate: ; --tw-backdrop-invert: ; --tw-backdrop-opacity: ; --tw-backdrop-saturate: ; --tw-backdrop-sepia: ; color: rgb(58, 68, 94); font-family: Roboto, sans-serif;\">Chè bưởi sữa dừa là món ăn vặt truyền thống mang đến hương vị thơm ngon, đậm đà với sự kết hợp hoàn hảo giữa sữa dừa thơm nồng, cùi bưởi giòn sần sật và cốt dừa quánh đặc. Từ \"Bếp của Mẹ\", chè bưởi sữa dừa được chế biến tỉ mỉ, chắc chắn sẽ làm bạn hài lòng ngay từ lần thưởng thức đầu tiên!</p><ul style=\"--tw-border-spacing-x: 0; --tw-border-spacing-y: 0; --tw-translate-x: 0; --tw-translate-y: 0; --tw-rotate: 0; --tw-skew-x: 0; --tw-skew-y: 0; --tw-scale-x: 1; --tw-scale-y: 1; --tw-pan-x: ; --tw-pan-y: ; --tw-pinch-zoom: ; --tw-scroll-snap-strictness: proximity; --tw-ordinal: ; --tw-slashed-zero: ; --tw-numeric-figure: ; --tw-numeric-spacing: ; --tw-numeric-fraction: ; --tw-ring-inset: ; --tw-ring-offset-width: 0px; --tw-ring-offset-color: #fff; --tw-ring-color: rgb(59 130 246 / .5); --tw-ring-offset-shadow: 0 0 #0000; --tw-ring-shadow: 0 0 #0000; --tw-shadow: 0 0 #0000; --tw-shadow-colored: 0 0 #0000; --tw-blur: ; --tw-brightness: ; --tw-contrast: ; --tw-grayscale: ; --tw-hue-rotate: ; --tw-invert: ; --tw-saturate: ; --tw-sepia: ; --tw-drop-shadow: ; --tw-backdrop-blur: ; --tw-backdrop-brightness: ; --tw-backdrop-contrast: ; --tw-backdrop-grayscale: ; --tw-backdrop-hue-rotate: ; --tw-backdrop-invert: ; --tw-backdrop-opacity: ; --tw-backdrop-saturate: ; --tw-backdrop-sepia: ; color: rgb(58, 68, 94); font-family: Roboto, sans-serif;\"><li style=\"--tw-border-spacing-x: 0; --tw-border-spacing-y: 0; --tw-translate-x: 0; --tw-translate-y: 0; --tw-rotate: 0; --tw-skew-x: 0; --tw-skew-y: 0; --tw-scale-x: 1; --tw-scale-y: 1; --tw-pan-x: ; --tw-pan-y: ; --tw-pinch-zoom: ; --tw-scroll-snap-strictness: proximity; --tw-ordinal: ; --tw-slashed-zero: ; --tw-numeric-figure: ; --tw-numeric-spacing: ; --tw-numeric-fraction: ; --tw-ring-inset: ; --tw-ring-offset-width: 0px; --tw-ring-offset-color: #fff; --tw-ring-color: rgb(59 130 246 / .5); --tw-ring-offset-shadow: 0 0 #0000; --tw-ring-shadow: 0 0 #0000; --tw-shadow: 0 0 #0000; --tw-shadow-colored: 0 0 #0000; --tw-blur: ; --tw-brightness: ; --tw-contrast: ; --tw-grayscale: ; --tw-hue-rotate: ; --tw-invert: ; --tw-saturate: ; --tw-sepia: ; --tw-drop-shadow: ; --tw-backdrop-blur: ; --tw-backdrop-brightness: ; --tw-backdrop-contrast: ; --tw-backdrop-grayscale: ; --tw-backdrop-hue-rotate: ; --tw-backdrop-invert: ; --tw-backdrop-opacity: ; --tw-backdrop-saturate: ; --tw-backdrop-sepia: ;\"><span style=\"--tw-border-spacing-x: 0; --tw-border-spacing-y: 0; --tw-translate-x: 0; --tw-translate-y: 0; --tw-rotate: 0; --tw-skew-x: 0; --tw-skew-y: 0; --tw-scale-x: 1; --tw-scale-y: 1; --tw-pan-x: ; --tw-pan-y: ; --tw-pinch-zoom: ; --tw-scroll-snap-strictness: proximity; --tw-ordinal: ; --tw-slashed-zero: ; --tw-numeric-figure: ; --tw-numeric-spacing: ; --tw-numeric-fraction: ; --tw-ring-inset: ; --tw-ring-offset-width: 0px; --tw-ring-offset-color: #fff; --tw-ring-color: rgb(59 130 246 / .5); --tw-ring-offset-shadow: 0 0 #0000; --tw-ring-shadow: 0 0 #0000; --tw-shadow: 0 0 #0000; --tw-shadow-colored: 0 0 #0000; --tw-blur: ; --tw-brightness: ; --tw-contrast: ; --tw-grayscale: ; --tw-hue-rotate: ; --tw-invert: ; --tw-saturate: ; --tw-sepia: ; --tw-drop-shadow: ; --tw-backdrop-blur: ; --tw-backdrop-brightness: ; --tw-backdrop-contrast: ; --tw-backdrop-grayscale: ; --tw-backdrop-hue-rotate: ; --tw-backdrop-invert: ; --tw-backdrop-opacity: ; --tw-backdrop-saturate: ; --tw-backdrop-sepia: ; font-weight: bolder;\">Sữa Dừa Thơm Nồng:</span>&nbsp;Sữa dừa tươi ngon, béo ngậy, mang đến hương vị thơm nồng đặc trưng của dừa, tạo nên sự hấp dẫn khó cưỡng.</li><li style=\"--tw-border-spacing-x: 0; --tw-border-spacing-y: 0; --tw-translate-x: 0; --tw-translate-y: 0; --tw-rotate: 0; --tw-skew-x: 0; --tw-skew-y: 0; --tw-scale-x: 1; --tw-scale-y: 1; --tw-pan-x: ; --tw-pan-y: ; --tw-pinch-zoom: ; --tw-scroll-snap-strictness: proximity; --tw-ordinal: ; --tw-slashed-zero: ; --tw-numeric-figure: ; --tw-numeric-spacing: ; --tw-numeric-fraction: ; --tw-ring-inset: ; --tw-ring-offset-width: 0px; --tw-ring-offset-color: #fff; --tw-ring-color: rgb(59 130 246 / .5); --tw-ring-offset-shadow: 0 0 #0000; --tw-ring-shadow: 0 0 #0000; --tw-shadow: 0 0 #0000; --tw-shadow-colored: 0 0 #0000; --tw-blur: ; --tw-brightness: ; --tw-contrast: ; --tw-grayscale: ; --tw-hue-rotate: ; --tw-invert: ; --tw-saturate: ; --tw-sepia: ; --tw-drop-shadow: ; --tw-backdrop-blur: ; --tw-backdrop-brightness: ; --tw-backdrop-contrast: ; --tw-backdrop-grayscale: ; --tw-backdrop-hue-rotate: ; --tw-backdrop-invert: ; --tw-backdrop-opacity: ; --tw-backdrop-saturate: ; --tw-backdrop-sepia: ;\"><span style=\"--tw-border-spacing-x: 0; --tw-border-spacing-y: 0; --tw-translate-x: 0; --tw-translate-y: 0; --tw-rotate: 0; --tw-skew-x: 0; --tw-skew-y: 0; --tw-scale-x: 1; --tw-scale-y: 1; --tw-pan-x: ; --tw-pan-y: ; --tw-pinch-zoom: ; --tw-scroll-snap-strictness: proximity; --tw-ordinal: ; --tw-slashed-zero: ; --tw-numeric-figure: ; --tw-numeric-spacing: ; --tw-numeric-fraction: ; --tw-ring-inset: ; --tw-ring-offset-width: 0px; --tw-ring-offset-color: #fff; --tw-ring-color: rgb(59 130 246 / .5); --tw-ring-offset-shadow: 0 0 #0000; --tw-ring-shadow: 0 0 #0000; --tw-shadow: 0 0 #0000; --tw-shadow-colored: 0 0 #0000; --tw-blur: ; --tw-brightness: ; --tw-contrast: ; --tw-grayscale: ; --tw-hue-rotate: ; --tw-invert: ; --tw-saturate: ; --tw-sepia: ; --tw-drop-shadow: ; --tw-backdrop-blur: ; --tw-backdrop-brightness: ; --tw-backdrop-contrast: ; --tw-backdrop-grayscale: ; --tw-backdrop-hue-rotate: ; --tw-backdrop-invert: ; --tw-backdrop-opacity: ; --tw-backdrop-saturate: ; --tw-backdrop-sepia: ; font-weight: bolder;\">Cùi Bưởi Giòn Sần Sật:</span>&nbsp;Cùi bưởi được chế biến kỹ lưỡng, giữ nguyên độ giòn sần sật, mang đến cảm giác thú vị và mới lạ khi thưởng thức.</li><li style=\"--tw-border-spacing-x: 0; --tw-border-spacing-y: 0; --tw-translate-x: 0; --tw-translate-y: 0; --tw-rotate: 0; --tw-skew-x: 0; --tw-skew-y: 0; --tw-scale-x: 1; --tw-scale-y: 1; --tw-pan-x: ; --tw-pan-y: ; --tw-pinch-zoom: ; --tw-scroll-snap-strictness: proximity; --tw-ordinal: ; --tw-slashed-zero: ; --tw-numeric-figure: ; --tw-numeric-spacing: ; --tw-numeric-fraction: ; --tw-ring-inset: ; --tw-ring-offset-width: 0px; --tw-ring-offset-color: #fff; --tw-ring-color: rgb(59 130 246 / .5); --tw-ring-offset-shadow: 0 0 #0000; --tw-ring-shadow: 0 0 #0000; --tw-shadow: 0 0 #0000; --tw-shadow-colored: 0 0 #0000; --tw-blur: ; --tw-brightness: ; --tw-contrast: ; --tw-grayscale: ; --tw-hue-rotate: ; --tw-invert: ; --tw-saturate: ; --tw-sepia: ; --tw-drop-shadow: ; --tw-backdrop-blur: ; --tw-backdrop-brightness: ; --tw-backdrop-contrast: ; --tw-backdrop-grayscale: ; --tw-backdrop-hue-rotate: ; --tw-backdrop-invert: ; --tw-backdrop-opacity: ; --tw-backdrop-saturate: ; --tw-backdrop-sepia: ;\"><span style=\"--tw-border-spacing-x: 0; --tw-border-spacing-y: 0; --tw-translate-x: 0; --tw-translate-y: 0; --tw-rotate: 0; --tw-skew-x: 0; --tw-skew-y: 0; --tw-scale-x: 1; --tw-scale-y: 1; --tw-pan-x: ; --tw-pan-y: ; --tw-pinch-zoom: ; --tw-scroll-snap-strictness: proximity; --tw-ordinal: ; --tw-slashed-zero: ; --tw-numeric-figure: ; --tw-numeric-spacing: ; --tw-numeric-fraction: ; --tw-ring-inset: ; --tw-ring-offset-width: 0px; --tw-ring-offset-color: #fff; --tw-ring-color: rgb(59 130 246 / .5); --tw-ring-offset-shadow: 0 0 #0000; --tw-ring-shadow: 0 0 #0000; --tw-shadow: 0 0 #0000; --tw-shadow-colored: 0 0 #0000; --tw-blur: ; --tw-brightness: ; --tw-contrast: ; --tw-grayscale: ; --tw-hue-rotate: ; --tw-invert: ; --tw-saturate: ; --tw-sepia: ; --tw-drop-shadow: ; --tw-backdrop-blur: ; --tw-backdrop-brightness: ; --tw-backdrop-contrast: ; --tw-backdrop-grayscale: ; --tw-backdrop-hue-rotate: ; --tw-backdrop-invert: ; --tw-backdrop-opacity: ; --tw-backdrop-saturate: ; --tw-backdrop-sepia: ; font-weight: bolder;\">Cốt Dừa Quánh Đặc:</span>&nbsp;Cốt dừa quánh đặc, dẻo thơm, hòa quyện với đường thốt nốt ngọt ngào, tạo nên vị ngọt thanh nhẹ nhàng và thơm phức.</li></ul>', '2024-11-14 04:13:44'),
(43, 'Bông lan sốt chese đặc biệt', 'bong-lan-sot-chese-dac-biet', 125000, 40, './public/img/products/banh-bong-lan-sot-cheese.png', '', '', '', 1, '<p><span style=\"color: rgb(58, 68, 94); font-family: Roboto, sans-serif;\">Bánh bông lan trứng muối&nbsp;với nhiều trứng, nhiều sốt thơm ngọt, beo béo mà không hề bị ngấy, kết hợp với ruốc handmade vị riêng đậm đà, cốt bánh tan mềm như mây, mua về cho cả nhà ăn sáng hay ăn bữa phụ quá hợp luôn ^^</span></p>', '2024-11-14 04:15:39'),
(44, 'Set kem xôi', 'set-kem-xoi', 145000, 20, './public/img/products/set-kem-xoi.jpg', '', '', '', 1, '', '2024-11-14 04:16:37'),
(45, 'Bánh bao xá xíu - hộp 6c', 'banh-bao-xa-xiu-hop-6c', 100000, 40, './public/img/products/banh-bao-xiu.png', '', '', '', 1, '', '2024-11-14 04:17:59'),
(46, 'Bánh bao kim sa cam - hộp 6c', 'banh-bao-kim-sa-cam-hop-6c', 130000, 30, './public/img/products/banh-bao-kim-sa.png', '', '', '', 1, '', '2024-11-14 04:19:17'),
(47, 'Lẩu cháo chim câu đặc biệt - set 6 người', 'lau-chao-chim-cau-dac-biet-set-6-nguoi', 785000, 30, './public/img/products/lau-chao-chim-cau-dac-biet.jpg', './public/img/products/lau-chao-chim-cau-dac-biet-2.png', './public/img/products/lau-chao-chim-cau-dac-biet-3.jpg', './public/img/products/lau-chao-chim-cau-dac-biet-4.png', 1, '', '2024-11-14 04:23:27'),
(48, 'Lẩu Tôm Bầu', 'lau-tom-bau', 685000, 20, './public/img/products/lau-tom-bau.jpg', './public/img/products/lau-tom-bau-2.jpeg', '', '', 1, '', '2024-11-14 04:25:00'),
(49, 'Chia sẻ    Lẩu Riêu Cua - set 6 người ăn', 'chia-se-lau-rieu-cua-set-6-nguoi-an', 585000, 20, './public/img/products/lau-rieu-cua.jpg', './public/img/products/lau-rieu-cua-2.jpg', './public/img/products/lau-rieu-cua-3.jpg', './public/img/products/lau-rieu-cua-4.jpg', 1, '', '2024-11-14 04:26:24'),
(50, 'Bắp giò hầm thuốc bắc', 'bap-gio-ham-thuoc-bac', 265000, 30, './public/img/products/bap-gio-ham-thuoc-bac.jpg', '', '', '', 1, '<p style=\"--tw-border-spacing-x: 0; --tw-border-spacing-y: 0; --tw-translate-x: 0; --tw-translate-y: 0; --tw-rotate: 0; --tw-skew-x: 0; --tw-skew-y: 0; --tw-scale-x: 1; --tw-scale-y: 1; --tw-pan-x: ; --tw-pan-y: ; --tw-pinch-zoom: ; --tw-scroll-snap-strictness: proximity; --tw-ordinal: ; --tw-slashed-zero: ; --tw-numeric-figure: ; --tw-numeric-spacing: ; --tw-numeric-fraction: ; --tw-ring-inset: ; --tw-ring-offset-width: 0px; --tw-ring-offset-color: #fff; --tw-ring-color: rgb(59 130 246 / .5); --tw-ring-offset-shadow: 0 0 #0000; --tw-ring-shadow: 0 0 #0000; --tw-shadow: 0 0 #0000; --tw-shadow-colored: 0 0 #0000; --tw-blur: ; --tw-brightness: ; --tw-contrast: ; --tw-grayscale: ; --tw-hue-rotate: ; --tw-invert: ; --tw-saturate: ; --tw-sepia: ; --tw-drop-shadow: ; --tw-backdrop-blur: ; --tw-backdrop-brightness: ; --tw-backdrop-contrast: ; --tw-backdrop-grayscale: ; --tw-backdrop-hue-rotate: ; --tw-backdrop-invert: ; --tw-backdrop-opacity: ; --tw-backdrop-saturate: ; --tw-backdrop-sepia: ; color: rgb(58, 68, 94); font-family: Roboto, sans-serif;\">Chân giò hầm thuốc bắc không chỉ đơn thuần được xem là một món ăn thông thường mà nó là một bài thuốc vừa bổ vừa ngon. Món ăn được nhiều người lựa chọn khi muốn bồi bổ, nạp thêm năng lượng và chất dinh dưỡng cho cơ thể. Tuy nhiên, không phải ai cũng biết nấu món ăn đúng cách, chân giò hầm cần đến nhiều tuyệt chiêu để món ăn này trở nên thơm ngon và phát huy tối đa được giá trị dinh dưỡng vốn có.&nbsp;</p><p style=\"--tw-border-spacing-x: 0; --tw-border-spacing-y: 0; --tw-translate-x: 0; --tw-translate-y: 0; --tw-rotate: 0; --tw-skew-x: 0; --tw-skew-y: 0; --tw-scale-x: 1; --tw-scale-y: 1; --tw-pan-x: ; --tw-pan-y: ; --tw-pinch-zoom: ; --tw-scroll-snap-strictness: proximity; --tw-ordinal: ; --tw-slashed-zero: ; --tw-numeric-figure: ; --tw-numeric-spacing: ; --tw-numeric-fraction: ; --tw-ring-inset: ; --tw-ring-offset-width: 0px; --tw-ring-offset-color: #fff; --tw-ring-color: rgb(59 130 246 / .5); --tw-ring-offset-shadow: 0 0 #0000; --tw-ring-shadow: 0 0 #0000; --tw-shadow: 0 0 #0000; --tw-shadow-colored: 0 0 #0000; --tw-blur: ; --tw-brightness: ; --tw-contrast: ; --tw-grayscale: ; --tw-hue-rotate: ; --tw-invert: ; --tw-saturate: ; --tw-sepia: ; --tw-drop-shadow: ; --tw-backdrop-blur: ; --tw-backdrop-brightness: ; --tw-backdrop-contrast: ; --tw-backdrop-grayscale: ; --tw-backdrop-hue-rotate: ; --tw-backdrop-invert: ; --tw-backdrop-opacity: ; --tw-backdrop-saturate: ; --tw-backdrop-sepia: ; color: rgb(58, 68, 94); font-family: Roboto, sans-serif;\">Sản phẩm Chân giò hầm thuốc bắc nhà Bếp của Mẹ với nguyên liệu được lựa chọn kĩ càng, sạch, ngon, quy trình chế biến công phu, cẩn thận trong từng giai đoạn, gia vị đầy đủ,&nbsp;giữ được giá trị dinh dưỡng cao và đã được nhiều chị em tin tưởng lựa chọn.</p><p style=\"--tw-border-spacing-x: 0; --tw-border-spacing-y: 0; --tw-translate-x: 0; --tw-translate-y: 0; --tw-rotate: 0; --tw-skew-x: 0; --tw-skew-y: 0; --tw-scale-x: 1; --tw-scale-y: 1; --tw-pan-x: ; --tw-pan-y: ; --tw-pinch-zoom: ; --tw-scroll-snap-strictness: proximity; --tw-ordinal: ; --tw-slashed-zero: ; --tw-numeric-figure: ; --tw-numeric-spacing: ; --tw-numeric-fraction: ; --tw-ring-inset: ; --tw-ring-offset-width: 0px; --tw-ring-offset-color: #fff; --tw-ring-color: rgb(59 130 246 / .5); --tw-ring-offset-shadow: 0 0 #0000; --tw-ring-shadow: 0 0 #0000; --tw-shadow: 0 0 #0000; --tw-shadow-colored: 0 0 #0000; --tw-blur: ; --tw-brightness: ; --tw-contrast: ; --tw-grayscale: ; --tw-hue-rotate: ; --tw-invert: ; --tw-saturate: ; --tw-sepia: ; --tw-drop-shadow: ; --tw-backdrop-blur: ; --tw-backdrop-brightness: ; --tw-backdrop-contrast: ; --tw-backdrop-grayscale: ; --tw-backdrop-hue-rotate: ; --tw-backdrop-invert: ; --tw-backdrop-opacity: ; --tw-backdrop-saturate: ; --tw-backdrop-sepia: ; color: rgb(58, 68, 94); font-family: Roboto, sans-serif;\">Hãy cùng Bếp của Mẹ thưởng thức món ăn nhiều dinh dưỡng với gia đình trong những dịp đặc biệt bạn nhé !</p>', '2024-11-14 04:27:18'),
(51, 'Gà hầm sâm táo đỏ ( +cháo hầm)', 'ga-ham-sam-tao-do-chao-ham', 245000, 30, './public/img/products/ga-ham-tao-do.png', '', '', '', 1, '<p style=\"--tw-border-spacing-x: 0; --tw-border-spacing-y: 0; --tw-translate-x: 0; --tw-translate-y: 0; --tw-rotate: 0; --tw-skew-x: 0; --tw-skew-y: 0; --tw-scale-x: 1; --tw-scale-y: 1; --tw-pan-x: ; --tw-pan-y: ; --tw-pinch-zoom: ; --tw-scroll-snap-strictness: proximity; --tw-ordinal: ; --tw-slashed-zero: ; --tw-numeric-figure: ; --tw-numeric-spacing: ; --tw-numeric-fraction: ; --tw-ring-inset: ; --tw-ring-offset-width: 0px; --tw-ring-offset-color: #fff; --tw-ring-color: rgb(59 130 246 / .5); --tw-ring-offset-shadow: 0 0 #0000; --tw-ring-shadow: 0 0 #0000; --tw-shadow: 0 0 #0000; --tw-shadow-colored: 0 0 #0000; --tw-blur: ; --tw-brightness: ; --tw-contrast: ; --tw-grayscale: ; --tw-hue-rotate: ; --tw-invert: ; --tw-saturate: ; --tw-sepia: ; --tw-drop-shadow: ; --tw-backdrop-blur: ; --tw-backdrop-brightness: ; --tw-backdrop-contrast: ; --tw-backdrop-grayscale: ; --tw-backdrop-hue-rotate: ; --tw-backdrop-invert: ; --tw-backdrop-opacity: ; --tw-backdrop-saturate: ; --tw-backdrop-sepia: ; color: rgb(58, 68, 94); font-family: Roboto, sans-serif;\"><span style=\"--tw-border-spacing-x: 0; --tw-border-spacing-y: 0; --tw-translate-x: 0; --tw-translate-y: 0; --tw-rotate: 0; --tw-skew-x: 0; --tw-skew-y: 0; --tw-scale-x: 1; --tw-scale-y: 1; --tw-pan-x: ; --tw-pan-y: ; --tw-pinch-zoom: ; --tw-scroll-snap-strictness: proximity; --tw-ordinal: ; --tw-slashed-zero: ; --tw-numeric-figure: ; --tw-numeric-spacing: ; --tw-numeric-fraction: ; --tw-ring-inset: ; --tw-ring-offset-width: 0px; --tw-ring-offset-color: #fff; --tw-ring-color: rgb(59 130 246 / .5); --tw-ring-offset-shadow: 0 0 #0000; --tw-ring-shadow: 0 0 #0000; --tw-shadow: 0 0 #0000; --tw-shadow-colored: 0 0 #0000; --tw-blur: ; --tw-brightness: ; --tw-contrast: ; --tw-grayscale: ; --tw-hue-rotate: ; --tw-invert: ; --tw-saturate: ; --tw-sepia: ; --tw-drop-shadow: ; --tw-backdrop-blur: ; --tw-backdrop-brightness: ; --tw-backdrop-contrast: ; --tw-backdrop-grayscale: ; --tw-backdrop-hue-rotate: ; --tw-backdrop-invert: ; --tw-backdrop-opacity: ; --tw-backdrop-saturate: ; --tw-backdrop-sepia: ; color: rgb(0, 0, 0);\">Gà hầm sâm là một</span><span style=\"--tw-border-spacing-x: 0; --tw-border-spacing-y: 0; --tw-translate-x: 0; --tw-translate-y: 0; --tw-rotate: 0; --tw-skew-x: 0; --tw-skew-y: 0; --tw-scale-x: 1; --tw-scale-y: 1; --tw-pan-x: ; --tw-pan-y: ; --tw-pinch-zoom: ; --tw-scroll-snap-strictness: proximity; --tw-ordinal: ; --tw-slashed-zero: ; --tw-numeric-figure: ; --tw-numeric-spacing: ; --tw-numeric-fraction: ; --tw-ring-inset: ; --tw-ring-offset-width: 0px; --tw-ring-offset-color: #fff; --tw-ring-color: rgb(59 130 246 / .5); --tw-ring-offset-shadow: 0 0 #0000; --tw-ring-shadow: 0 0 #0000; --tw-shadow: 0 0 #0000; --tw-shadow-colored: 0 0 #0000; --tw-blur: ; --tw-brightness: ; --tw-contrast: ; --tw-grayscale: ; --tw-hue-rotate: ; --tw-invert: ; --tw-saturate: ; --tw-sepia: ; --tw-drop-shadow: ; --tw-backdrop-blur: ; --tw-backdrop-brightness: ; --tw-backdrop-contrast: ; --tw-backdrop-grayscale: ; --tw-backdrop-hue-rotate: ; --tw-backdrop-invert: ; --tw-backdrop-opacity: ; --tw-backdrop-saturate: ; --tw-backdrop-sepia: ; color: rgb(0, 0, 0);\">&nbsp;món ăn nổi tiếng của Hàn Quốc. Nguyên liệu chính&nbsp;dùng để nấu món này chính là thịt gà và nhân sâm. Thịt gà thì phổ biến rồi nhưng nhân sâm chính là điểm đặc biệt tạo nên sự độc đáo và khác lạ cho món ăn này. Người ta&nbsp;thường làm gà hầm sâm để giải nhiệt và thanh lọc cơ thể.</span></p><p style=\"--tw-border-spacing-x: 0; --tw-border-spacing-y: 0; --tw-translate-x: 0; --tw-translate-y: 0; --tw-rotate: 0; --tw-skew-x: 0; --tw-skew-y: 0; --tw-scale-x: 1; --tw-scale-y: 1; --tw-pan-x: ; --tw-pan-y: ; --tw-pinch-zoom: ; --tw-scroll-snap-strictness: proximity; --tw-ordinal: ; --tw-slashed-zero: ; --tw-numeric-figure: ; --tw-numeric-spacing: ; --tw-numeric-fraction: ; --tw-ring-inset: ; --tw-ring-offset-width: 0px; --tw-ring-offset-color: #fff; --tw-ring-color: rgb(59 130 246 / .5); --tw-ring-offset-shadow: 0 0 #0000; --tw-ring-shadow: 0 0 #0000; --tw-shadow: 0 0 #0000; --tw-shadow-colored: 0 0 #0000; --tw-blur: ; --tw-brightness: ; --tw-contrast: ; --tw-grayscale: ; --tw-hue-rotate: ; --tw-invert: ; --tw-saturate: ; --tw-sepia: ; --tw-drop-shadow: ; --tw-backdrop-blur: ; --tw-backdrop-brightness: ; --tw-backdrop-contrast: ; --tw-backdrop-grayscale: ; --tw-backdrop-hue-rotate: ; --tw-backdrop-invert: ; --tw-backdrop-opacity: ; --tw-backdrop-saturate: ; --tw-backdrop-sepia: ; color: rgb(58, 68, 94); font-family: Roboto, sans-serif;\"><span style=\"--tw-border-spacing-x: 0; --tw-border-spacing-y: 0; --tw-translate-x: 0; --tw-translate-y: 0; --tw-rotate: 0; --tw-skew-x: 0; --tw-skew-y: 0; --tw-scale-x: 1; --tw-scale-y: 1; --tw-pan-x: ; --tw-pan-y: ; --tw-pinch-zoom: ; --tw-scroll-snap-strictness: proximity; --tw-ordinal: ; --tw-slashed-zero: ; --tw-numeric-figure: ; --tw-numeric-spacing: ; --tw-numeric-fraction: ; --tw-ring-inset: ; --tw-ring-offset-width: 0px; --tw-ring-offset-color: #fff; --tw-ring-color: rgb(59 130 246 / .5); --tw-ring-offset-shadow: 0 0 #0000; --tw-ring-shadow: 0 0 #0000; --tw-shadow: 0 0 #0000; --tw-shadow-colored: 0 0 #0000; --tw-blur: ; --tw-brightness: ; --tw-contrast: ; --tw-grayscale: ; --tw-hue-rotate: ; --tw-invert: ; --tw-saturate: ; --tw-sepia: ; --tw-drop-shadow: ; --tw-backdrop-blur: ; --tw-backdrop-brightness: ; --tw-backdrop-contrast: ; --tw-backdrop-grayscale: ; --tw-backdrop-hue-rotate: ; --tw-backdrop-invert: ; --tw-backdrop-opacity: ; --tw-backdrop-saturate: ; --tw-backdrop-sepia: ; color: rgb(0, 0, 0);\">Ngoài sự kết hợp tuyệt vời của thịt gà và nhân sâm thì món gà hầm sâm còn có thêm các nguyên liệu khác như hoàng kỳ, táo tàu, hạt sen...&nbsp;</span><span style=\"--tw-border-spacing-x: 0; --tw-border-spacing-y: 0; --tw-translate-x: 0; --tw-translate-y: 0; --tw-rotate: 0; --tw-skew-x: 0; --tw-skew-y: 0; --tw-scale-x: 1; --tw-scale-y: 1; --tw-pan-x: ; --tw-pan-y: ; --tw-pinch-zoom: ; --tw-scroll-snap-strictness: proximity; --tw-ordinal: ; --tw-slashed-zero: ; --tw-numeric-figure: ; --tw-numeric-spacing: ; --tw-numeric-fraction: ; --tw-ring-inset: ; --tw-ring-offset-width: 0px; --tw-ring-offset-color: #fff; --tw-ring-color: rgb(59 130 246 / .5); --tw-ring-offset-shadow: 0 0 #0000; --tw-ring-shadow: 0 0 #0000; --tw-shadow: 0 0 #0000; --tw-shadow-colored: 0 0 #0000; --tw-blur: ; --tw-brightness: ; --tw-contrast: ; --tw-grayscale: ; --tw-hue-rotate: ; --tw-invert: ; --tw-saturate: ; --tw-sepia: ; --tw-drop-shadow: ; --tw-backdrop-blur: ; --tw-backdrop-brightness: ; --tw-backdrop-contrast: ; --tw-backdrop-grayscale: ; --tw-backdrop-hue-rotate: ; --tw-backdrop-invert: ; --tw-backdrop-opacity: ; --tw-backdrop-saturate: ; --tw-backdrop-sepia: ; color: rgb(0, 0, 0);\">Vì bao gồm nhiều loại thực phẩm dinh dưỡng nên gà hầm sâm rất tốt cho sức khỏe. Ngoài khả năng thanh nhiệt, gà hầm sâm còn có tác dụng làm bổ khí huyết, bổ thận, tốt cho não, giảm căng thẳng, mệt mỏi và tăng cường khả năng miễn dịch. Không chỉ bổ dưỡng mà món gà hầm sâm này còn cực kỳ thơm ngon rất phù hợp với những bữa ăn của gia đình, nhất là dịp lễ tết đang cận kề.</span></p><p style=\"--tw-border-spacing-x: 0; --tw-border-spacing-y: 0; --tw-translate-x: 0; --tw-translate-y: 0; --tw-rotate: 0; --tw-skew-x: 0; --tw-skew-y: 0; --tw-scale-x: 1; --tw-scale-y: 1; --tw-pan-x: ; --tw-pan-y: ; --tw-pinch-zoom: ; --tw-scroll-snap-strictness: proximity; --tw-ordinal: ; --tw-slashed-zero: ; --tw-numeric-figure: ; --tw-numeric-spacing: ; --tw-numeric-fraction: ; --tw-ring-inset: ; --tw-ring-offset-width: 0px; --tw-ring-offset-color: #fff; --tw-ring-color: rgb(59 130 246 / .5); --tw-ring-offset-shadow: 0 0 #0000; --tw-ring-shadow: 0 0 #0000; --tw-shadow: 0 0 #0000; --tw-shadow-colored: 0 0 #0000; --tw-blur: ; --tw-brightness: ; --tw-contrast: ; --tw-grayscale: ; --tw-hue-rotate: ; --tw-invert: ; --tw-saturate: ; --tw-sepia: ; --tw-drop-shadow: ; --tw-backdrop-blur: ; --tw-backdrop-brightness: ; --tw-backdrop-contrast: ; --tw-backdrop-grayscale: ; --tw-backdrop-hue-rotate: ; --tw-backdrop-invert: ; --tw-backdrop-opacity: ; --tw-backdrop-saturate: ; --tw-backdrop-sepia: ; color: rgb(58, 68, 94); font-family: Roboto, sans-serif;\"><span style=\"--tw-border-spacing-x: 0; --tw-border-spacing-y: 0; --tw-translate-x: 0; --tw-translate-y: 0; --tw-rotate: 0; --tw-skew-x: 0; --tw-skew-y: 0; --tw-scale-x: 1; --tw-scale-y: 1; --tw-pan-x: ; --tw-pan-y: ; --tw-pinch-zoom: ; --tw-scroll-snap-strictness: proximity; --tw-ordinal: ; --tw-slashed-zero: ; --tw-numeric-figure: ; --tw-numeric-spacing: ; --tw-numeric-fraction: ; --tw-ring-inset: ; --tw-ring-offset-width: 0px; --tw-ring-offset-color: #fff; --tw-ring-color: rgb(59 130 246 / .5); --tw-ring-offset-shadow: 0 0 #0000; --tw-ring-shadow: 0 0 #0000; --tw-shadow: 0 0 #0000; --tw-shadow-colored: 0 0 #0000; --tw-blur: ; --tw-brightness: ; --tw-contrast: ; --tw-grayscale: ; --tw-hue-rotate: ; --tw-invert: ; --tw-saturate: ; --tw-sepia: ; --tw-drop-shadow: ; --tw-backdrop-blur: ; --tw-backdrop-brightness: ; --tw-backdrop-contrast: ; --tw-backdrop-grayscale: ; --tw-backdrop-hue-rotate: ; --tw-backdrop-invert: ; --tw-backdrop-opacity: ; --tw-backdrop-saturate: ; --tw-backdrop-sepia: ; color: rgb(0, 0, 0);\">Mùa Tết này, chị em hãy cùng Bếp của Mẹ mang&nbsp;gà hầm sâm về bên mâm cơm&nbsp;cho gia đình thưởng thức nhé !</span></p>', '2024-11-14 04:28:27'),
(52, 'Chim câu hầm sen cốm', 'chim-cau-ham-sen-com', 235000, 30, './public/img/products/chim-cau-ham-sen-com.jpeg', '', '', '', 1, '<p style=\"--tw-border-spacing-x: 0; --tw-border-spacing-y: 0; --tw-translate-x: 0; --tw-translate-y: 0; --tw-rotate: 0; --tw-skew-x: 0; --tw-skew-y: 0; --tw-scale-x: 1; --tw-scale-y: 1; --tw-pan-x: ; --tw-pan-y: ; --tw-pinch-zoom: ; --tw-scroll-snap-strictness: proximity; --tw-ordinal: ; --tw-slashed-zero: ; --tw-numeric-figure: ; --tw-numeric-spacing: ; --tw-numeric-fraction: ; --tw-ring-inset: ; --tw-ring-offset-width: 0px; --tw-ring-offset-color: #fff; --tw-ring-color: rgb(59 130 246 / .5); --tw-ring-offset-shadow: 0 0 #0000; --tw-ring-shadow: 0 0 #0000; --tw-shadow: 0 0 #0000; --tw-shadow-colored: 0 0 #0000; --tw-blur: ; --tw-brightness: ; --tw-contrast: ; --tw-grayscale: ; --tw-hue-rotate: ; --tw-invert: ; --tw-saturate: ; --tw-sepia: ; --tw-drop-shadow: ; --tw-backdrop-blur: ; --tw-backdrop-brightness: ; --tw-backdrop-contrast: ; --tw-backdrop-grayscale: ; --tw-backdrop-hue-rotate: ; --tw-backdrop-invert: ; --tw-backdrop-opacity: ; --tw-backdrop-saturate: ; --tw-backdrop-sepia: ; color: rgb(58, 68, 94); font-family: Roboto, sans-serif;\">Nước dùng được ninh từ xương gà hoặc xương heo, hòa quyện cùng vị ngọt thanh của hạt sen, tạo nên nền tảng cho món canh. Thịt chim câu được hầm mềm, ngọt bùi, quyện cùng vị bùi béo của cốm, tạo nên hương vị hài hòa, tinh tế.</p><p style=\"--tw-border-spacing-x: 0; --tw-border-spacing-y: 0; --tw-translate-x: 0; --tw-translate-y: 0; --tw-rotate: 0; --tw-skew-x: 0; --tw-skew-y: 0; --tw-scale-x: 1; --tw-scale-y: 1; --tw-pan-x: ; --tw-pan-y: ; --tw-pinch-zoom: ; --tw-scroll-snap-strictness: proximity; --tw-ordinal: ; --tw-slashed-zero: ; --tw-numeric-figure: ; --tw-numeric-spacing: ; --tw-numeric-fraction: ; --tw-ring-inset: ; --tw-ring-offset-width: 0px; --tw-ring-offset-color: #fff; --tw-ring-color: rgb(59 130 246 / .5); --tw-ring-offset-shadow: 0 0 #0000; --tw-ring-shadow: 0 0 #0000; --tw-shadow: 0 0 #0000; --tw-shadow-colored: 0 0 #0000; --tw-blur: ; --tw-brightness: ; --tw-contrast: ; --tw-grayscale: ; --tw-hue-rotate: ; --tw-invert: ; --tw-saturate: ; --tw-sepia: ; --tw-drop-shadow: ; --tw-backdrop-blur: ; --tw-backdrop-brightness: ; --tw-backdrop-contrast: ; --tw-backdrop-grayscale: ; --tw-backdrop-hue-rotate: ; --tw-backdrop-invert: ; --tw-backdrop-opacity: ; --tw-backdrop-saturate: ; --tw-backdrop-sepia: ; color: rgb(58, 68, 94); font-family: Roboto, sans-serif;\">Món ăn này&nbsp;cung cấp nhiều dưỡng chất thiết yếu cho cơ thể như protein, vitamin, khoáng chất từ thịt chim câu, hạt sen, cốm, vô cùng bổ dưỡng.</p>', '2024-11-14 04:29:17'),
(53, 'Gà ác tiềm thuốc bắc', 'ga-ac-tiem-thuoc-bac', 150000, 40, './public/img/products/ga-ac-tiem-thuoc-bac.jpeg', '', '', '', 1, '<p style=\"--tw-border-spacing-x: 0; --tw-border-spacing-y: 0; --tw-translate-x: 0; --tw-translate-y: 0; --tw-rotate: 0; --tw-skew-x: 0; --tw-skew-y: 0; --tw-scale-x: 1; --tw-scale-y: 1; --tw-pan-x: ; --tw-pan-y: ; --tw-pinch-zoom: ; --tw-scroll-snap-strictness: proximity; --tw-ordinal: ; --tw-slashed-zero: ; --tw-numeric-figure: ; --tw-numeric-spacing: ; --tw-numeric-fraction: ; --tw-ring-inset: ; --tw-ring-offset-width: 0px; --tw-ring-offset-color: #fff; --tw-ring-color: rgb(59 130 246 / .5); --tw-ring-offset-shadow: 0 0 #0000; --tw-ring-shadow: 0 0 #0000; --tw-shadow: 0 0 #0000; --tw-shadow-colored: 0 0 #0000; --tw-blur: ; --tw-brightness: ; --tw-contrast: ; --tw-grayscale: ; --tw-hue-rotate: ; --tw-invert: ; --tw-saturate: ; --tw-sepia: ; --tw-drop-shadow: ; --tw-backdrop-blur: ; --tw-backdrop-brightness: ; --tw-backdrop-contrast: ; --tw-backdrop-grayscale: ; --tw-backdrop-hue-rotate: ; --tw-backdrop-invert: ; --tw-backdrop-opacity: ; --tw-backdrop-saturate: ; --tw-backdrop-sepia: ; color: rgb(58, 68, 94); font-family: Roboto, sans-serif;\">- Gà ác tươi ngon: Gà ác được nuôi thả tự nhiên, thịt mềm, ngọt và giàu dinh dưỡng, đặc biệt tốt cho sức khỏe.</p><p style=\"--tw-border-spacing-x: 0; --tw-border-spacing-y: 0; --tw-translate-x: 0; --tw-translate-y: 0; --tw-rotate: 0; --tw-skew-x: 0; --tw-skew-y: 0; --tw-scale-x: 1; --tw-scale-y: 1; --tw-pan-x: ; --tw-pan-y: ; --tw-pinch-zoom: ; --tw-scroll-snap-strictness: proximity; --tw-ordinal: ; --tw-slashed-zero: ; --tw-numeric-figure: ; --tw-numeric-spacing: ; --tw-numeric-fraction: ; --tw-ring-inset: ; --tw-ring-offset-width: 0px; --tw-ring-offset-color: #fff; --tw-ring-color: rgb(59 130 246 / .5); --tw-ring-offset-shadow: 0 0 #0000; --tw-ring-shadow: 0 0 #0000; --tw-shadow: 0 0 #0000; --tw-shadow-colored: 0 0 #0000; --tw-blur: ; --tw-brightness: ; --tw-contrast: ; --tw-grayscale: ; --tw-hue-rotate: ; --tw-invert: ; --tw-saturate: ; --tw-sepia: ; --tw-drop-shadow: ; --tw-backdrop-blur: ; --tw-backdrop-brightness: ; --tw-backdrop-contrast: ; --tw-backdrop-grayscale: ; --tw-backdrop-hue-rotate: ; --tw-backdrop-invert: ; --tw-backdrop-opacity: ; --tw-backdrop-saturate: ; --tw-backdrop-sepia: ; color: rgb(58, 68, 94); font-family: Roboto, sans-serif;\">- Thuốc bắc thượng hạng: Sử dụng các loại thảo dược quý như đẳng sâm, kỷ tử, táo đỏ, bạch truật và đỗ trọng, món ăn không chỉ ngon mà còn có tác dụng bồi bổ cơ thể, tăng cường sức đề kháng.</p><p style=\"--tw-border-spacing-x: 0; --tw-border-spacing-y: 0; --tw-translate-x: 0; --tw-translate-y: 0; --tw-rotate: 0; --tw-skew-x: 0; --tw-skew-y: 0; --tw-scale-x: 1; --tw-scale-y: 1; --tw-pan-x: ; --tw-pan-y: ; --tw-pinch-zoom: ; --tw-scroll-snap-strictness: proximity; --tw-ordinal: ; --tw-slashed-zero: ; --tw-numeric-figure: ; --tw-numeric-spacing: ; --tw-numeric-fraction: ; --tw-ring-inset: ; --tw-ring-offset-width: 0px; --tw-ring-offset-color: #fff; --tw-ring-color: rgb(59 130 246 / .5); --tw-ring-offset-shadow: 0 0 #0000; --tw-ring-shadow: 0 0 #0000; --tw-shadow: 0 0 #0000; --tw-shadow-colored: 0 0 #0000; --tw-blur: ; --tw-brightness: ; --tw-contrast: ; --tw-grayscale: ; --tw-hue-rotate: ; --tw-invert: ; --tw-saturate: ; --tw-sepia: ; --tw-drop-shadow: ; --tw-backdrop-blur: ; --tw-backdrop-brightness: ; --tw-backdrop-contrast: ; --tw-backdrop-grayscale: ; --tw-backdrop-hue-rotate: ; --tw-backdrop-invert: ; --tw-backdrop-opacity: ; --tw-backdrop-saturate: ; --tw-backdrop-sepia: ; color: rgb(58, 68, 94); font-family: Roboto, sans-serif;\">- Nấm đông cô và các loại nấm khác: Nấm đông cô cùng các loại nấm bổ dưỡng khác được kết hợp hài hòa, tăng thêm hương vị và giá trị dinh dưỡng cho món ăn.</p><p style=\"--tw-border-spacing-x: 0; --tw-border-spacing-y: 0; --tw-translate-x: 0; --tw-translate-y: 0; --tw-rotate: 0; --tw-skew-x: 0; --tw-skew-y: 0; --tw-scale-x: 1; --tw-scale-y: 1; --tw-pan-x: ; --tw-pan-y: ; --tw-pinch-zoom: ; --tw-scroll-snap-strictness: proximity; --tw-ordinal: ; --tw-slashed-zero: ; --tw-numeric-figure: ; --tw-numeric-spacing: ; --tw-numeric-fraction: ; --tw-ring-inset: ; --tw-ring-offset-width: 0px; --tw-ring-offset-color: #fff; --tw-ring-color: rgb(59 130 246 / .5); --tw-ring-offset-shadow: 0 0 #0000; --tw-ring-shadow: 0 0 #0000; --tw-shadow: 0 0 #0000; --tw-shadow-colored: 0 0 #0000; --tw-blur: ; --tw-brightness: ; --tw-contrast: ; --tw-grayscale: ; --tw-hue-rotate: ; --tw-invert: ; --tw-saturate: ; --tw-sepia: ; --tw-drop-shadow: ; --tw-backdrop-blur: ; --tw-backdrop-brightness: ; --tw-backdrop-contrast: ; --tw-backdrop-grayscale: ; --tw-backdrop-hue-rotate: ; --tw-backdrop-invert: ; --tw-backdrop-opacity: ; --tw-backdrop-saturate: ; --tw-backdrop-sepia: ; color: rgb(58, 68, 94); font-family: Roboto, sans-serif; text-align: justify;\">- Nước dùng đậm đà: Nước dùng được ninh kỹ từ xương gà và các loại thảo dược, tạo nên hương vị thanh ngọt, bổ dưỡng và thơm ngon khó cưỡng.</p>', '2024-11-14 04:30:05'),
(54, 'Nui rau củ - gói 300g', 'nui-rau-cu-goi-300g', 65000, 100, './public/img/products/nui-rau-cu.png', '', '', '', 1, '', '2024-11-14 04:33:14'),
(55, 'mật hoa dừa lên men ( Cinder)', 'mat-hoa-dua-len-men-cinder', 225000, 50, './public/img/products/mat-hoa-dua-len-men.png', '', '', '', 1, '', '2024-11-14 04:34:32'),
(56, 'Mật hoa dừa cô đặc - lọ 250g', 'mat-hoa-dua-co-dac-lo-250g', 140000, 30, './public/img/products/mat-hoa-dua-co-dac.png', '', '', '', 1, '', '2024-11-14 04:35:40'),
(57, 'Đường Mật Hoa Dừa 135g', 'uong-mat-hoa-dua-135g', 125000, 40, './public/img/products/duong-mat-hoa-dua.png', '', '', '', 1, '', '2024-11-14 04:36:43'),
(58, 'Bún gạo lứt 500g', 'bun-gao-lut-500g', 49000, 60, './public/img/products/bun-gao-lut.png', '', '', '', 1, '', '2024-11-14 04:37:48'),
(59, 'Hạt Chia Black', 'hat-chia-black', 105000, 50, './public/img/products/hat-chia-black.png', '', '', '', 1, '', '2024-11-14 04:38:55'),
(60, 'Mật hoa dừa - chai 700g', 'mat-hoa-dua-chai-700g', 350000, 40, './public/img/products/mat-hoa-dua-chai.png', '', '', '', 1, '', '2024-11-14 04:40:07'),
(61, 'Bột nêm nấm rau củ ngưu báng 450g', 'bot-nem-nam-rau-cu-nguu-bang-450g', 99000, 60, './public/img/products/bot-nem-nam-rau.png', '', '', '', 1, '', '2024-11-14 04:41:04'),
(62, 'Bộ Gia Vị Thực Dưỡng GoBio', 'bo-gia-vi-thuc-duong-gobio', 350000, 60, './public/img/products/bot-gia-vi-thuc-duong.png', '', '', '', 1, '', '2024-11-14 04:42:22'),
(63, 'Mật ong sữa chúa 1000ml ', 'mat-ong-sua-chua-1000ml', 245000, 60, './public/img/products/mat-ong-sua-chua.png', '', '', '', 1, '', '2024-11-14 04:43:40'),
(64, 'Bưởi da xanh Hoàng Quý - (size 800-1kg)', 'buoi-da-xanh-hoang-quy-size-8001kg', 45000, 50, './public/img/products/buoi-da-xanh.jpeg', '', '', '', 1, '', '2024-11-14 04:46:50'),
(65, 'Bưởi Thiền Sơn Nữ Tuyên Quang', 'buoi-thien-son-nu-tuyen-quang', 55000, 40, './public/img/products/buoi-thin-son-nu.png', '', '', '', 1, '', '2024-11-14 04:47:50'),
(66, 'Cam sành Hoàng Quý - hàng loại 1 - 1kg', 'cam-sanh-hoang-quy-hang-loai-1-1kg', 45000, 40, './public/img/products/cam-sanh-hoang-quy.jpeg', '', '', '', 1, '', '2024-11-14 04:48:26'),
(67, 'Cam xoàn Việt Gap - hàng bi - 1kg', 'cam-xoan-viet-gap-hang-bi-1kg', 45000, 50, './public/img/products/cam-xoan-viet-gap.jpeg', '', '', '', 1, '', '2024-11-14 04:49:00'),
(68, 'Đào Bắc Kinh thùng VIP - hàng nét 3kg', 'ao-bac-kinh-thung-vip-hang-net-3kg', 535000, 40, './public/img/products/dao-bac-kinh.png', '', '', '', 1, '', '2024-11-14 04:49:54'),
(69, 'Đào dẹt Vàng hàng Vip - thùng ~2kg', 'ao-det-vang-hang-vip-thung-2kg', 524000, 40, './public/img/products/dao-det-vang.jpeg', '', '', '', 1, '', '2024-11-14 04:50:23'),
(70, 'Đào Vàng hàng đẹp - thùng 2,5kg', 'ao-vang-hang-dep-thung-25kg', 395000, 20, './public/img/products/dao-vang-hang-dep.png', '', '', '', 1, '', '2024-11-14 04:51:15'),
(71, 'Dâu tây Hàn Quốc - hộp 250g', 'dau-tay-han-quoc-hop-250g', 150000, 40, './public/img/products/dau-tay-han-quoc.jpeg', '', '', '', 1, '', '2024-11-14 04:52:02'),
(72, 'Hồng mật Vân Sơn - size 6 quả', 'hong-mat-van-son-size-6-qua', 250000, 45, './public/img/products/hong-mat-van-son.png', '', '', '', 1, '', '2024-11-14 04:53:07'),
(73, 'Hồng Táo to 2A - thùng ~2kg', 'hong-tao-to-2a-thung-2kg', 295000, 100, './public/img/products/hong-tao-to.jpeg', '', '', '', 1, '', '2024-11-14 04:53:59'),
(74, 'Cá trôi kho dưa', 'ca-troi-kho-dua', 165000, 40, './public/img/products/ca-troi-kho-dua.jpeg', './public/img/products/ca-troi-kho-dua-2.jpeg', '', '', 1, '', '2024-11-14 04:57:26'),
(75, 'Cá trắm kho mật mía', 'ca-tram-kho-mat-mia', 185000, 45, './public/img/products/ca-tram-kho-mat-mia.jpg', './public/img/products/ca-tram-kho-mat-mia-2.jpg', '', '', 1, '<p><span style=\"color: rgb(58, 68, 94); font-family: Roboto, sans-serif;\">Cá trắm kho mềm, đậm đà vị cân đối, thịt cá ngọt, săn chắc, kết hợp với ba rọi béo, chín mềm cùng với vị ngọt từ mật mía. Cá vừa chắc vừa mềm, thịt ba rọi mềm tan béo ngậy...Tất cả tạo nên một món kho ngon lạ miệng và đưa cơm hoàn hảo cho những bữa ăn gia đình.</span></p>', '2024-11-14 04:58:28'),
(76, 'Cá nục kho giềng + thịt ba chỉ', 'ca-nuc-kho-gieng-thit-ba-chi', 145000, 40, './public/img/products/ca-nuc-kho-gieng.png', './public/img/products/ca-nuc-kho-gieng-2.png', '', '', 1, '<p><span style=\"color: rgb(58, 68, 94); font-family: Roboto, sans-serif;\">Cá nục kho giềng có hương vị đậm đà, cân bằng giữa vị mặn của nước mắm và muối, vị ngọt tự nhiên từ đường và cá, cùng với vị cay nhẹ của tiêu. Từng miếng dưa thấm vị đậm đà nhưng lại có nét chua thanh rất riêng. Ba rọi rán cho tóp bớt mỡ đem kho mềm rục. Miếng cá ngấm vị đậm đà với nước kho sền sệt</span></p>', '2024-11-14 05:00:40');

-- --------------------------------------------------------

--
-- Table structure for table `promotions`
--

CREATE TABLE `promotions` (
  `id` int(11) NOT NULL,
  `name` varchar(100) NOT NULL,
  `type` varchar(20) NOT NULL,
  `value` float(11,0) NOT NULL,
  `start_day` datetime NOT NULL,
  `status` int(11) NOT NULL
) ENGINE=InnoDB DEFAULT CHARSET=utf8 COLLATE=utf8_unicode_ci ROW_FORMAT=DYNAMIC;

--
-- Dumping data for table `promotions`
--

INSERT INTO `promotions` (`id`, `name`, `type`, `value`, `start_day`, `status`) VALUES
(1, 'Không khuyến mãi', 'Nothing', 0, '2019-04-08 00:00:00', 1),
(2, 'Giảm giá', 'GiamGia', 500000, '2019-05-01 00:00:00', 1),
(3, 'Giá rẻ online', 'GiaReOnline', 650000, '2019-05-01 00:00:00', 1),
(4, 'Trả góp', 'TraGop', 0, '2019-05-01 00:00:00', 1),
(5, 'Mới ra mắt', 'MoiRaMat', 0, '2019-05-01 00:00:00', 1),
(13, 'Thích thì khuyến mãi', 'Khuyến mãi Ok', 100, '2020-07-18 11:26:06', 1);

-- --------------------------------------------------------

--
-- Table structure for table `users`
--

CREATE TABLE `users` (
  `id` int(11) NOT NULL,
  `lastname` varchar(20) NOT NULL,
  `firstname` varchar(20) NOT NULL,
  `gender` varchar(10) NOT NULL,
  `phone` varchar(20) DEFAULT NULL,
  `email` varchar(100) NOT NULL,
  `username` varchar(50) NOT NULL,
  `address` varchar(200) NOT NULL,
  `password` varchar(100) NOT NULL,
  `auth_id` int(11) NOT NULL,
  `status` int(11) NOT NULL,
  `created_at` date NOT NULL DEFAULT current_timestamp()
) ENGINE=InnoDB DEFAULT CHARSET=utf8 COLLATE=utf8_unicode_ci ROW_FORMAT=DYNAMIC;

--
-- Dumping data for table `users`
--

INSERT INTO `users` (`id`, `lastname`, `firstname`, `gender`, `phone`, `email`, `username`, `address`, `password`, `auth_id`, `status`, `created_at`) VALUES
(42, 'lâm', 'trần', 'male', '0973534773', 'lamdev.3107@gmail.com', 'admin', 'Ngõ 182, đường Hoàng Văn Thụ', 'a11ff2adf5471e904fe56058e3be4ef3', 2, 1, '2024-10-31'),
(51, 'Lam', 'trần', 'female', '0973534773', 'user1@gmail.com', 'admin12345', 'Ngõ 182, đường Hoàng Văn Thụ', 'a11ff2adf5471e904fe56058e3be4ef3', 2, 1, '2024-10-31');

--
-- Indexes for dumped tables
--

--
-- Indexes for table `authorization`
--
ALTER TABLE `authorization`
  ADD PRIMARY KEY (`id`) USING BTREE;

--
-- Indexes for table `banners`
--
ALTER TABLE `banners`
  ADD PRIMARY KEY (`id`) USING BTREE;

--
-- Indexes for table `collections`
--
ALTER TABLE `collections`
  ADD PRIMARY KEY (`id`) USING BTREE;

--
-- Indexes for table `collection_products`
--
ALTER TABLE `collection_products`
  ADD PRIMARY KEY (`id`),
  ADD KEY `fk_product` (`product_id`),
  ADD KEY `fk_collection` (`collection_id`);

--
-- Indexes for table `orders`
--
ALTER TABLE `orders`
  ADD PRIMARY KEY (`id`) USING BTREE;

--
-- Indexes for table `order_details`
--
ALTER TABLE `order_details`
  ADD PRIMARY KEY (`id`),
  ADD KEY `fk_orderdetail_order` (`order_id`),
  ADD KEY `fk_orderdetail_product` (`product_id`);

--
-- Indexes for table `products`
--
ALTER TABLE `products`
  ADD PRIMARY KEY (`id`),
  ADD KEY `fk_product_promotion` (`promotion_id`);

--
-- Indexes for table `promotions`
--
ALTER TABLE `promotions`
  ADD PRIMARY KEY (`id`) USING BTREE;

--
-- Indexes for table `users`
--
ALTER TABLE `users`
  ADD PRIMARY KEY (`id`),
  ADD KEY `fk_user_auth` (`auth_id`);

--
-- AUTO_INCREMENT for dumped tables
--

--
-- AUTO_INCREMENT for table `authorization`
--
ALTER TABLE `authorization`
  MODIFY `id` int(11) NOT NULL AUTO_INCREMENT, AUTO_INCREMENT=4;

--
-- AUTO_INCREMENT for table `banners`
--
ALTER TABLE `banners`
  MODIFY `id` int(11) NOT NULL AUTO_INCREMENT, AUTO_INCREMENT=5;

--
-- AUTO_INCREMENT for table `collections`
--
ALTER TABLE `collections`
  MODIFY `id` int(11) NOT NULL AUTO_INCREMENT, AUTO_INCREMENT=17;

--
-- AUTO_INCREMENT for table `collection_products`
--
ALTER TABLE `collection_products`
  MODIFY `id` int(11) NOT NULL AUTO_INCREMENT, AUTO_INCREMENT=97;

--
-- AUTO_INCREMENT for table `orders`
--
ALTER TABLE `orders`
  MODIFY `id` int(11) NOT NULL AUTO_INCREMENT, AUTO_INCREMENT=28;

--
-- AUTO_INCREMENT for table `order_details`
--
ALTER TABLE `order_details`
  MODIFY `id` int(11) NOT NULL AUTO_INCREMENT, AUTO_INCREMENT=38;

--
-- AUTO_INCREMENT for table `products`
--
ALTER TABLE `products`
  MODIFY `id` int(11) NOT NULL AUTO_INCREMENT, AUTO_INCREMENT=77;

--
-- AUTO_INCREMENT for table `promotions`
--
ALTER TABLE `promotions`
  MODIFY `id` int(11) NOT NULL AUTO_INCREMENT, AUTO_INCREMENT=15;

--
-- AUTO_INCREMENT for table `users`
--
ALTER TABLE `users`
  MODIFY `id` int(11) NOT NULL AUTO_INCREMENT, AUTO_INCREMENT=54;

--
-- Constraints for dumped tables
--

--
-- Constraints for table `collection_products`
--
ALTER TABLE `collection_products`
  ADD CONSTRAINT `fk_collection` FOREIGN KEY (`collection_id`) REFERENCES `collections` (`id`) ON DELETE CASCADE,
  ADD CONSTRAINT `fk_product` FOREIGN KEY (`product_id`) REFERENCES `products` (`id`) ON DELETE CASCADE;

--
-- Constraints for table `order_details`
--
ALTER TABLE `order_details`
  ADD CONSTRAINT `fk_orderdetail_order` FOREIGN KEY (`order_id`) REFERENCES `orders` (`id`) ON DELETE CASCADE ON UPDATE CASCADE,
  ADD CONSTRAINT `fk_orderdetail_product` FOREIGN KEY (`product_id`) REFERENCES `products` (`id`) ON DELETE CASCADE ON UPDATE CASCADE;

--
-- Constraints for table `products`
--
ALTER TABLE `products`
  ADD CONSTRAINT `fk_product_promotion` FOREIGN KEY (`promotion_id`) REFERENCES `promotions` (`id`) ON DELETE CASCADE ON UPDATE CASCADE;

--
-- Constraints for table `users`
--
ALTER TABLE `users`
  ADD CONSTRAINT `fk_user_auth` FOREIGN KEY (`auth_id`) REFERENCES `authorization` (`id`);
COMMIT;

/*!40101 SET CHARACTER_SET_CLIENT=@OLD_CHARACTER_SET_CLIENT */;
/*!40101 SET CHARACTER_SET_RESULTS=@OLD_CHARACTER_SET_RESULTS */;
/*!40101 SET COLLATION_CONNECTION=@OLD_COLLATION_CONNECTION */;
